Shipment_ID,Distance_km,Package_Weight_kg,Traffic_Level,Weather,Hub_Load,Priority,Stops,Vehicle_Age_Years,Warehouse_Processing_Hours,Day_of_Week,Delivery_Time_Hours
SHP00001,144.7,7.43,1,Cloudy,0.856,Standard,7,8,2.99,Thu,21.68
SHP00002,92.62,1.3,1,Cloudy,0.563,Standard,6,3,3.44,Sat,16.39
SHP00003,86.06,2.72,3,Clear,0.657,Standard,1,10,8.1,Tue,19.47
SHP00004,86.06,5.01,5,Rain,0.869,Standard,6,4,0.81,Wed,24.1
SHP00005,272.93,2.07,1,Storm,0.38,Express,3,2,0.93,Sun,17.86
SHP00006,171.81,6.14,1,Clear,0.453,Standard,3,3,1.23,Fri,21.79
SHP00007,71.27,1.94,2,Clear,0.609,Standard,8,8,1.91,Fri,22.58
SHP00008,149.07,2.13,1,Clear,0.499,Standard,8,6,0.87,Tue,19.73
SHP00009,121.94,1.6,5,Clear,0.57,Standard,1,7,4.81,Sat,29.45
SHP00010,15.56,5.36,2,Clear,0.999,Standard,5,2,6.06,Sun,18.94
SHP00011,43.82,3.2,4,Cloudy,0.887,Standard,5,2,2.31,Mon,20.45
SHP00012,128.14,1.67,4,Clear,0.925,Standard,2,6,2.01,Wed,17.69
SHP00013,256.88,2.52,2,Clear,0.959,Standard,8,7,0.5,Thu,31.28
SHP00014,86.62,0.39,2,Clear,0.572,Standard,5,4,0.74,Tue,14.53
SHP00015,66.95,5.72,2,Storm,0.543,Standard,4,0,0.5,Tue,18.86
SHP00016,111.23,2.95,3,Clear,0.502,Express,8,2,1.29,Wed,22.66
SHP00017,63.82,0.62,5,Cloudy,0.89,Standard,8,4,1.49,Fri,30.72
SHP00018,82.27,1.2,5,Clear,0.792,Standard,4,2,3.22,Fri,25.14
SHP00019,101.66,2.47,4,Clear,0.504,Standard,8,0,2.33,Thu,25.1
SHP00020,41.93,1.32,4,Cloudy,0.595,Express,8,6,1.06,Wed,17.05
SHP00021,177.71,5.79,4,Clear,0.679,Express,2,0,3.34,Tue,27.94
SHP00022,35.54,4.45,1,Clear,0.693,Standard,3,9,8.97,Sun,21.51
SHP00023,31.71,4.27,4,Clear,0.928,Express,8,5,3.47,Wed,23.12
SHP00024,118.18,0.54,2,Cloudy,0.597,Standard,2,5,1.39,Mon,17.07
SHP00025,168.76,2.3,4,Cloudy,0.941,Express,1,6,2.52,Tue,26.9
SHP00026,116.09,2.04,2,Clear,0.637,Standard,2,10,0.85,Thu,17.96
SHP00027,94.22,1.7,3,Cloudy,0.835,Standard,2,0,0.77,Thu,20.12
SHP00028,81.66,2.48,1,Clear,0.955,Standard,6,10,6.37,Tue,25.3
SHP00029,71.8,1.51,1,Cloudy,0.94,Standard,4,2,2.55,Fri,17.94
SHP00030,204.35,3.86,5,Clear,0.387,Standard,1,8,4.24,Tue,30.39
SHP00031,129.0,5.68,3,Cloudy,0.484,Standard,6,1,1.7,Tue,23.32
SHP00032,76.36,5.35,2,Storm,0.66,Standard,1,4,0.76,Mon,16.5
SHP00033,59.74,3.01,3,Rain,0.631,Standard,2,2,0.63,Tue,14.26
SHP00034,155.83,13.46,1,Clear,0.767,Standard,8,4,0.97,Sat,24.85
SHP00035,201.26,7.37,2,Rain,0.964,Express,6,6,2.8,Sun,30.81
SHP00036,189.75,3.09,3,Clear,0.423,Express,6,0,0.51,Sat,26.42
SHP00037,51.63,2.37,1,Storm,0.644,Express,1,2,2.17,Wed,9.07
SHP00038,81.14,8.47,2,Clear,0.475,Standard,1,10,3.07,Wed,17.14
SHP00039,70.7,6.72,2,Clear,0.931,Standard,5,5,0.73,Sun,20.75
SHP00040,89.34,1.24,1,Clear,0.977,Standard,7,6,8.94,Thu,28.17
SHP00041,176.63,7.1,2,Clear,0.661,Standard,1,9,3.89,Fri,26.72
SHP00042,242.02,2.98,1,Cloudy,0.418,Standard,6,2,1.9,Thu,25.58
SHP00043,132.31,1.82,4,Rain,0.86,Standard,3,3,1.12,Mon,22.44
SHP00044,61.42,0.83,4,Cloudy,0.803,Express,1,5,2.62,Tue,14.96
SHP00045,100.0,2.75,2,Cloudy,0.581,Standard,4,4,2.56,Sun,20.76
SHP00046,270.83,3.29,2,Cloudy,0.927,Express,5,10,2.2,Thu,30.84
SHP00047,109.35,10.09,1,Clear,0.984,Standard,4,8,2.69,Tue,21.54
SHP00048,81.8,6.49,2,Clear,0.713,Standard,7,0,0.89,Thu,14.65
SHP00049,87.03,2.21,5,Clear,0.718,Standard,4,4,3.45,Tue,21.89
SHP00050,131.91,4.36,4,Clear,0.543,Standard,3,10,0.59,Thu,23.75
SHP00051,53.11,5.92,2,Clear,0.73,Express,8,0,0.5,Sat,16.37
SHP00052,69.39,3.53,2,Clear,0.636,Standard,5,7,3.19,Sat,21.14
SHP00053,187.96,2.2,3,Clear,0.546,Standard,7,6,2.75,Sat,31.14
SHP00054,129.4,2.29,2,Clear,0.394,Standard,2,4,2.06,Sun,14.36
SHP00055,110.14,4.35,5,Rain,0.514,Standard,6,5,1.23,Wed,24.97
SHP00056,194.01,4.43,4,Clear,0.479,Standard,6,3,1.43,Sun,25.47
SHP00057,58.43,2.7,3,Clear,0.702,Standard,1,8,0.87,Sun,17.48
SHP00058,79.96,0.53,1,Cloudy,0.741,Standard,6,2,2.52,Mon,21.36
SHP00059,126.56,1.35,1,Clear,0.746,Standard,3,1,0.5,Thu,11.54
SHP00060,123.56,5.12,4,Clear,0.602,Standard,6,6,0.5,Wed,23.17
SHP00061,28.81,0.75,1,Clear,0.624,Express,3,1,0.9,Sun,12.04
SHP00062,74.19,7.61,5,Clear,0.892,Express,2,5,2.3,Sun,16.67
SHP00063,91.02,6.86,2,Clear,0.66,Standard,8,10,1.93,Fri,23.27
SHP00064,136.12,3.42,4,Clear,0.992,Standard,3,7,5.06,Thu,24.75
SHP00065,123.26,5.05,3,Cloudy,0.636,Standard,2,2,1.67,Tue,18.11
SHP00066,97.17,4.81,2,Cloudy,0.772,Express,2,2,3.65,Mon,11.45
SHP00067,15.45,3.06,1,Clear,0.383,Standard,2,2,2.22,Wed,13.89
SHP00068,100.69,1.27,1,Clear,0.775,Express,3,0,0.5,Wed,11.31
SHP00069,107.26,6.53,3,Clear,0.903,Standard,7,8,0.76,Mon,22.48
SHP00070,421.29,8.89,5,Rain,0.963,Standard,2,4,0.87,Thu,40.52
SHP00071,88.88,1.42,3,Clear,0.998,Standard,8,8,1.07,Tue,21.11
SHP00072,127.03,1.24,4,Cloudy,0.533,Standard,7,4,1.53,Fri,22.43
SHP00073,214.71,3.02,3,Cloudy,0.724,Standard,3,6,4.31,Thu,32.44
SHP00074,170.17,2.14,1,Clear,0.643,Standard,8,0,1.77,Mon,27.97
SHP00075,248.27,3.67,5,Clear,0.716,Standard,5,8,1.19,Thu,29.67
SHP00076,29.25,7.73,5,Clear,0.452,Standard,8,0,3.82,Sun,27.92
SHP00077,44.77,0.69,3,Clear,0.906,Express,2,3,3.8,Thu,17.98
SHP00078,65.72,10.04,4,Clear,0.941,Standard,3,6,0.5,Mon,17.66
SHP00079,24.67,2.5,1,Clear,0.642,Express,3,10,1.92,Mon,9.69
SHP00080,107.91,4.75,2,Clear,0.532,Express,7,8,4.7,Fri,27.38
SHP00081,47.92,5.12,5,Clear,0.442,Express,3,0,1.69,Mon,13.73
SHP00082,268.73,5.56,3,Rain,0.794,Standard,1,10,0.8,Mon,35.36
SHP00083,54.34,3.47,4,Clear,0.553,Express,7,5,3.63,Mon,20.75
SHP00084,80.32,4.08,4,Rain,0.941,Standard,7,10,0.69,Sun,31.38
SHP00085,176.73,4.06,1,Storm,0.786,Standard,1,9,2.24,Sun,23.66
SHP00086,35.17,2.14,5,Storm,0.77,Standard,2,10,1.68,Sun,27.2
SHP00087,23.05,0.97,1,Rain,0.714,Standard,6,4,0.5,Wed,19.03
SHP00088,117.18,1.41,2,Clear,0.38,Express,5,2,4.17,Mon,23.15
SHP00089,123.46,3.09,2,Clear,0.956,Standard,6,9,2.67,Mon,23.29
SHP00090,173.33,1.91,2,Cloudy,0.758,Standard,2,1,5.19,Mon,22.46
SHP00091,147.09,1.92,4,Cloudy,0.996,Standard,4,0,1.93,Fri,26.23
SHP00092,126.64,11.7,5,Rain,0.699,Express,4,1,0.85,Sun,21.36
SHP00093,59.58,6.06,1,Storm,0.812,Standard,8,3,0.5,Thu,22.29
SHP00094,121.13,2.78,1,Clear,0.387,Standard,5,5,3.85,Sun,17.57
SHP00095,126.3,5.31,2,Clear,0.761,Standard,7,4,0.78,Mon,25.48
SHP00096,57.8,2.47,5,Clear,0.847,Standard,5,3,8.91,Mon,29.44
SHP00097,316.37,3.59,5,Clear,0.856,Standard,5,7,6.54,Fri,36.31
SHP00098,142.55,4.52,3,Clear,0.851,Standard,1,6,2.07,Thu,25.46
SHP00099,45.46,2.48,5,Cloudy,0.497,Express,1,3,1.58,Fri,17.52
SHP00100,173.9,2.06,5,Rain,0.984,Standard,4,9,1.06,Sat,31.48
SHP00101,193.41,7.82,1,Clear,0.997,Standard,5,4,1.17,Tue,26.42
SHP00102,136.91,5.1,5,Rain,0.399,Standard,8,9,7.86,Tue,38.22
SHP00103,85.31,0.69,5,Cloudy,0.959,Express,3,4,1.39,Tue,19.32
SHP00104,55.8,2.08,1,Rain,0.538,Express,6,2,2.81,Mon,15.61
SHP00105,96.98,1.92,5,Clear,0.798,Standard,4,8,2.97,Fri,23.54
SHP00106,130.5,2.15,1,Rain,0.57,Express,5,10,4.01,Mon,17.94
SHP00107,103.65,6.07,3,Cloudy,0.979,Standard,3,4,2.65,Tue,24.5
SHP00108,255.2,3.37,4,Clear,0.416,Standard,5,9,1.94,Thu,30.41
SHP00109,157.22,1.26,1,Clear,0.674,Standard,7,1,0.97,Thu,22.29
SHP00110,50.79,2.54,1,Rain,0.628,Standard,2,3,2.91,Sat,20.38
SHP00111,41.39,4.85,5,Clear,0.562,Standard,3,3,2.48,Fri,23.51
SHP00112,143.36,2.85,1,Clear,0.77,Standard,7,4,1.36,Sat,24.67
SHP00113,86.77,2.11,2,Clear,0.435,Express,6,7,2.74,Sun,12.3
SHP00114,166.21,4.19,2,Cloudy,0.816,Standard,2,4,1.82,Thu,20.52
SHP00115,142.49,10.31,3,Rain,0.987,Standard,7,0,2.48,Tue,31.42
SHP00116,97.29,4.59,1,Clear,0.873,Standard,1,1,3.33,Sat,14.65
SHP00117,51.28,8.25,5,Clear,0.909,Standard,4,2,2.22,Sat,24.82
SHP00118,25.72,2.22,5,Storm,0.584,Express,5,2,3.56,Sat,26.6
SHP00119,119.61,3.3,4,Rain,0.561,Standard,4,9,2.19,Fri,27.37
SHP00120,34.63,3.25,3,Rain,0.686,Express,6,5,4.01,Sun,22.67
SHP00121,49.54,3.61,5,Clear,0.38,Standard,5,8,1.52,Fri,23.61
SHP00122,114.66,4.52,4,Clear,0.964,Standard,2,9,0.8,Tue,22.98
SHP00123,107.1,1.74,5,Clear,0.443,Standard,3,0,2.4,Tue,17.8
SHP00124,38.5,5.22,4,Cloudy,0.937,Standard,3,5,5.95,Tue,26.22
SHP00125,207.45,1.06,2,Clear,0.404,Standard,5,8,3.73,Sat,27.06
SHP00126,203.96,1.3,2,Clear,0.885,Standard,2,3,5.9,Tue,22.45
SHP00127,146.44,14.8,5,Clear,0.449,Standard,5,9,1.35,Sun,31.53
SHP00128,146.32,2.32,3,Clear,0.375,Standard,5,2,1.94,Fri,23.72
SHP00129,146.44,5.53,1,Rain,0.818,Standard,8,5,0.84,Thu,20.07
SHP00130,192.33,10.9,3,Clear,0.532,Standard,7,5,0.63,Tue,23.57
SHP00131,159.81,0.66,3,Cloudy,0.814,Standard,5,1,5.36,Wed,25.93
SHP00132,54.85,7.3,1,Rain,0.711,Standard,3,4,5.0,Fri,19.07
SHP00133,85.88,5.23,2,Clear,0.421,Standard,8,0,3.12,Mon,22.23
SHP00134,393.31,10.47,2,Cloudy,0.956,Standard,6,8,1.37,Thu,33.47
SHP00135,16.57,1.45,1,Storm,0.644,Express,5,8,3.39,Fri,21.74
SHP00136,71.13,9.17,4,Storm,0.827,Express,3,2,4.72,Tue,28.94
SHP00137,208.16,1.98,3,Clear,0.676,Standard,1,4,6.4,Sat,30.27
SHP00138,57.75,6.95,5,Clear,0.743,Standard,2,2,0.5,Sun,20.17
SHP00139,162.67,3.24,2,Clear,0.547,Standard,1,6,1.54,Wed,20.96
SHP00140,106.13,5.69,5,Cloudy,0.48,Standard,5,0,1.42,Mon,23.56
SHP00141,61.07,3.44,1,Cloudy,0.703,Express,3,4,1.74,Thu,10.93
SHP00142,13.29,0.92,5,Cloudy,0.636,Express,2,5,2.96,Tue,20.93
SHP00143,117.32,0.37,5,Clear,0.604,Express,4,10,0.5,Fri,23.13
SHP00144,53.89,3.85,3,Clear,0.787,Standard,2,6,1.34,Fri,16.15
SHP00145,94.28,2.76,1,Cloudy,0.799,Express,2,2,1.46,Thu,12.36
SHP00146,145.48,4.39,5,Clear,0.38,Standard,8,6,2.18,Wed,25.79
SHP00147,182.43,2.78,2,Cloudy,0.57,Express,5,3,2.39,Sat,28.25
SHP00148,70.95,13.64,1,Clear,0.618,Standard,7,9,1.72,Sun,20.04
SHP00149,60.98,3.9,2,Clear,0.413,Standard,1,10,7.3,Tue,20.17
SHP00150,34.08,2.43,4,Clear,0.503,Standard,1,5,1.84,Thu,18.0
SHP00151,188.24,4.2,5,Clear,0.384,Standard,8,4,2.94,Thu,27.03
SHP00152,358.95,2.46,1,Clear,0.998,Standard,4,3,3.32,Fri,35.37
SHP00153,201.43,3.54,2,Clear,0.829,Express,5,5,0.93,Thu,20.26
SHP00154,230.33,1.42,5,Clear,0.407,Standard,2,2,0.98,Mon,31.27
SHP00155,58.14,3.3,3,Clear,0.363,Standard,7,2,3.36,Mon,20.26
SHP00156,139.76,2.38,2,Clear,0.818,Standard,6,4,5.05,Tue,28.61
SHP00157,172.57,1.51,2,Cloudy,0.635,Standard,1,10,6.37,Thu,18.16
SHP00158,5.0,13.24,4,Clear,0.861,Express,1,4,0.96,Fri,12.34
SHP00159,43.33,1.55,3,Cloudy,0.95,Standard,3,8,4.15,Sat,21.97
SHP00160,280.67,3.34,4,Cloudy,0.74,Standard,2,3,2.05,Tue,23.84
SHP00161,28.34,1.89,3,Cloudy,0.472,Express,5,4,4.99,Wed,19.79
SHP00162,253.52,4.09,2,Storm,0.858,Express,1,8,2.71,Fri,29.52
SHP00163,28.15,1.36,4,Clear,0.971,Standard,8,3,3.14,Wed,21.2
SHP00164,45.16,5.98,5,Cloudy,0.727,Standard,7,2,5.6,Tue,27.99
SHP00165,141.45,13.81,3,Storm,0.793,Standard,8,6,5.99,Mon,38.54
SHP00166,108.0,1.84,2,Rain,0.569,Standard,8,6,2.31,Fri,18.85
SHP00167,76.35,7.78,1,Clear,0.598,Standard,8,7,0.5,Sat,15.74
SHP00168,273.91,2.54,3,Clear,0.828,Express,5,3,1.14,Fri,26.67
SHP00169,34.91,9.53,3,Clear,0.953,Standard,2,3,8.01,Tue,24.1
SHP00170,91.68,15.36,5,Cloudy,0.759,Standard,8,8,3.25,Fri,31.45
SHP00171,153.52,2.82,3,Cloudy,0.863,Standard,2,9,0.96,Fri,25.87
SHP00172,125.26,1.15,3,Clear,0.462,Standard,1,6,1.29,Tue,18.96
SHP00173,62.62,6.45,5,Clear,0.488,Express,4,2,4.48,Sun,24.36
SHP00174,64.44,3.88,5,Cloudy,0.696,Standard,5,8,7.18,Thu,25.58
SHP00175,180.66,4.72,4,Clear,0.465,Standard,8,4,2.15,Tue,28.47
SHP00176,186.19,2.62,2,Rain,0.763,Standard,8,3,5.0,Fri,30.7
SHP00177,127.53,1.79,2,Rain,0.54,Standard,5,0,4.11,Sat,28.5
SHP00178,52.12,7.48,4,Clear,0.864,Express,3,8,2.73,Sat,21.74
SHP00179,66.06,4.15,2,Cloudy,0.875,Standard,7,5,3.55,Tue,20.93
SHP00180,101.1,1.21,3,Clear,0.651,Standard,2,10,2.65,Fri,23.49
SHP00181,111.74,5.37,4,Cloudy,0.468,Standard,2,1,5.12,Wed,24.96
SHP00182,149.51,4.67,4,Storm,0.77,Standard,1,6,3.7,Wed,26.28
SHP00183,88.21,2.64,2,Rain,0.995,Standard,1,2,0.5,Mon,17.34
SHP00184,178.02,10.32,1,Clear,0.755,Standard,1,5,1.83,Sun,19.22
SHP00185,176.73,2.15,2,Clear,0.373,Express,3,7,0.95,Tue,20.67
SHP00186,235.33,2.95,1,Clear,0.361,Standard,7,2,2.34,Tue,24.41
SHP00187,104.25,5.69,4,Clear,0.558,Standard,8,4,1.75,Wed,26.65
SHP00188,129.0,3.5,1,Clear,0.477,Express,4,5,1.26,Wed,13.24
SHP00189,93.19,1.26,3,Clear,0.878,Express,1,0,0.7,Wed,15.52
SHP00190,52.64,3.78,5,Clear,0.899,Express,1,9,0.5,Sat,22.77
SHP00191,353.82,2.48,1,Clear,0.518,Express,6,6,5.07,Sat,30.66
SHP00192,216.6,6.05,5,Clear,0.562,Standard,7,3,5.06,Mon,35.16
SHP00193,174.39,3.69,3,Storm,0.504,Standard,1,9,0.67,Mon,21.16
SHP00194,101.75,3.55,5,Cloudy,0.94,Standard,3,10,2.7,Thu,24.51
SHP00195,48.93,1.59,3,Clear,0.677,Standard,5,6,0.5,Sat,17.79
SHP00196,194.76,2.83,5,Clear,0.776,Express,4,6,1.07,Tue,22.99
SHP00197,92.01,6.55,5,Clear,0.62,Standard,5,10,1.65,Mon,29.43
SHP00198,136.93,1.93,2,Clear,0.76,Standard,8,4,1.19,Fri,21.43
SHP00199,65.86,3.25,1,Clear,0.601,Express,6,7,3.24,Tue,18.55
SHP00200,122.2,1.72,5,Rain,0.571,Standard,2,7,0.5,Thu,23.93
SHP00201,69.09,1.45,4,Cloudy,0.762,Standard,2,4,1.04,Wed,18.92
SHP00202,71.18,3.13,2,Cloudy,0.734,Standard,1,4,3.92,Thu,22.08
SHP00203,121.11,3.75,1,Clear,0.541,Standard,6,6,0.5,Tue,11.37
SHP00204,27.77,13.41,2,Rain,0.447,Standard,5,5,1.15,Wed,16.7
SHP00205,29.06,2.41,1,Rain,0.59,Express,3,3,4.29,Thu,11.51
SHP00206,57.59,3.21,3,Clear,0.62,Standard,4,1,7.71,Thu,18.04
SHP00207,87.45,1.38,5,Clear,0.759,Express,7,7,5.06,Tue,23.91
SHP00208,181.54,5.1,4,Clear,0.944,Standard,5,2,1.62,Mon,28.32
SHP00209,91.11,4.39,2,Clear,0.374,Standard,6,1,7.67,Fri,22.58
SHP00210,101.28,9.41,2,Cloudy,0.508,Standard,8,9,4.0,Thu,27.49
SHP00211,82.47,7.23,2,Clear,0.476,Standard,6,6,0.69,Fri,18.25
SHP00212,128.88,4.25,2,Clear,0.676,Express,7,9,0.5,Sat,19.98
SHP00213,52.21,2.39,5,Clear,0.629,Standard,5,5,3.77,Sat,24.35
SHP00214,94.71,3.83,1,Clear,0.824,Express,8,7,1.87,Tue,18.69
SHP00215,135.91,3.07,5,Rain,0.508,Express,4,5,0.66,Sun,22.66
SHP00216,120.44,6.47,3,Cloudy,0.736,Express,5,6,1.8,Tue,19.04
SHP00217,103.62,5.92,5,Cloudy,0.925,Standard,5,1,4.52,Sun,32.29
SHP00218,104.52,2.7,5,Clear,0.942,Express,4,9,1.2,Sun,22.14
SHP00219,144.82,1.19,3,Cloudy,0.973,Standard,3,1,1.17,Sun,21.72
SHP00220,364.35,8.44,5,Clear,0.853,Standard,7,5,1.78,Mon,41.45
SHP00221,55.13,4.99,1,Cloudy,0.939,Standard,6,8,1.98,Sun,20.65
SHP00222,370.79,2.65,4,Clear,0.502,Express,4,2,1.52,Wed,27.94
SHP00223,53.12,4.86,3,Clear,0.478,Standard,1,10,3.28,Fri,20.5
SHP00224,11.48,3.5,2,Clear,0.354,Standard,1,9,3.54,Thu,14.75
SHP00225,68.01,8.36,1,Clear,0.809,Standard,1,7,1.93,Wed,15.34
SHP00226,130.55,0.86,4,Storm,0.959,Standard,1,4,1.13,Sat,25.55
SHP00227,318.03,2.51,1,Clear,0.472,Standard,8,5,1.35,Sat,28.33
SHP00228,48.87,10.17,1,Clear,0.764,Express,7,5,5.4,Fri,20.17
SHP00229,144.25,4.92,2,Clear,0.835,Standard,2,10,7.59,Fri,24.19
SHP00230,31.98,11.48,4,Rain,0.953,Express,3,9,0.55,Sun,20.32
SHP00231,310.94,1.41,1,Clear,0.77,Standard,2,10,0.72,Wed,27.23
SHP00232,219.24,7.03,2,Cloudy,0.981,Express,5,2,1.32,Wed,26.64
SHP00233,71.29,6.74,3,Rain,0.574,Standard,5,10,5.49,Mon,25.76
SHP00234,241.71,1.02,2,Clear,0.577,Standard,4,10,1.52,Thu,27.78
SHP00235,94.3,2.7,5,Clear,0.703,Standard,1,4,3.26,Thu,28.03
SHP00236,226.6,3.08,2,Clear,0.599,Standard,8,0,1.8,Thu,25.37
SHP00237,103.06,1.07,2,Rain,0.351,Express,8,1,1.35,Sun,21.26
SHP00238,106.24,2.74,2,Clear,0.826,Standard,4,9,1.71,Sat,15.06
SHP00239,72.42,6.12,1,Clear,0.839,Express,5,2,0.66,Sat,11.78
SHP00240,156.94,2.53,4,Cloudy,0.836,Express,1,3,3.56,Wed,23.15
SHP00241,111.97,3.93,2,Cloudy,0.574,Standard,7,8,1.12,Mon,19.33
SHP00242,146.38,3.95,2,Clear,0.689,Standard,6,0,1.23,Tue,26.85
SHP00243,25.15,3.29,5,Clear,0.584,Standard,3,2,0.99,Mon,20.46
SHP00244,231.71,2.03,5,Clear,0.36,Standard,5,2,6.04,Sat,36.47
SHP00245,268.9,5.27,3,Clear,0.716,Standard,6,5,1.42,Sun,30.1
SHP00246,111.61,1.09,3,Clear,0.43,Express,4,4,2.47,Wed,14.97
SHP00247,348.42,3.34,5,Rain,0.402,Standard,6,2,0.5,Mon,34.54
SHP00248,299.12,8.76,4,Clear,0.841,Standard,4,3,0.5,Wed,31.48
SHP00249,159.2,2.43,3,Rain,0.356,Standard,5,10,0.68,Fri,22.68
SHP00250,243.67,2.0,4,Cloudy,0.973,Standard,2,6,4.29,Fri,34.34
SHP00251,204.51,5.52,5,Clear,0.685,Express,8,2,2.35,Tue,31.93
SHP00252,19.1,3.72,3,Cloudy,0.989,Express,7,8,6.46,Sat,25.48
SHP00253,83.72,5.59,2,Clear,0.388,Standard,7,7,4.76,Sun,17.82
SHP00254,166.58,3.41,5,Storm,0.729,Express,8,1,1.01,Fri,36.41
SHP00255,280.12,0.62,3,Rain,0.577,Standard,3,4,1.8,Tue,28.02
SHP00256,29.96,7.58,4,Clear,0.898,Standard,7,3,5.29,Thu,33.63
SHP00257,20.49,14.14,4,Clear,0.585,Standard,6,4,1.66,Wed,22.23
SHP00258,98.55,8.16,3,Clear,0.519,Express,7,2,3.46,Sun,21.63
SHP00259,12.5,0.28,4,Clear,0.907,Standard,6,9,0.56,Thu,21.1
SHP00260,96.11,4.55,3,Clear,0.594,Standard,5,10,2.7,Thu,16.73
SHP00261,132.75,2.39,3,Clear,0.361,Standard,7,0,2.04,Tue,24.83
SHP00262,47.0,1.55,4,Cloudy,0.604,Standard,5,7,1.02,Wed,26.93
SHP00263,98.03,3.62,1,Clear,0.775,Express,7,8,1.86,Tue,12.38
SHP00264,192.46,2.99,2,Rain,0.515,Standard,8,7,2.65,Mon,28.0
SHP00265,67.75,4.74,5,Rain,0.631,Standard,4,3,4.18,Thu,25.91
SHP00266,53.87,3.45,2,Clear,0.387,Standard,1,1,6.13,Wed,18.96
SHP00267,94.83,1.52,5,Rain,0.732,Standard,1,3,3.79,Thu,30.8
SHP00268,42.87,2.22,5,Clear,0.842,Standard,1,8,4.94,Mon,25.17
SHP00269,332.38,1.98,2,Clear,0.619,Standard,4,9,0.89,Sat,35.63
SHP00270,105.34,1.0,3,Cloudy,0.623,Standard,1,8,0.75,Mon,19.06
SHP00271,58.55,1.27,4,Clear,0.407,Standard,8,4,3.16,Sat,25.35
SHP00272,119.6,2.86,1,Cloudy,0.481,Standard,5,4,0.61,Wed,17.51
SHP00273,94.46,8.99,1,Rain,0.451,Standard,2,9,1.71,Wed,20.36
SHP00274,86.94,2.28,1,Storm,0.663,Standard,2,2,3.74,Sun,19.65
SHP00275,67.74,1.95,2,Cloudy,0.694,Standard,7,5,5.51,Mon,26.75
SHP00276,65.19,1.45,2,Cloudy,0.967,Standard,2,6,2.75,Thu,15.05
SHP00277,25.71,3.39,3,Clear,0.398,Standard,1,9,0.82,Fri,13.17
SHP00278,243.44,7.58,1,Clear,0.74,Standard,2,8,2.12,Thu,21.8
SHP00279,152.37,13.49,3,Cloudy,0.692,Express,6,6,2.32,Fri,25.9
SHP00280,127.88,4.05,1,Clear,0.686,Standard,1,2,1.14,Tue,14.17
SHP00281,93.35,3.66,2,Clear,0.918,Express,6,6,0.5,Wed,21.0
SHP00282,46.3,2.27,4,Clear,0.484,Express,5,0,3.8,Mon,16.96
SHP00283,55.67,2.55,4,Cloudy,0.377,Standard,6,1,1.76,Tue,15.05
SHP00284,28.59,5.16,4,Clear,0.787,Standard,5,3,3.43,Thu,17.97
SHP00285,61.34,2.66,4,Cloudy,0.574,Standard,4,6,2.55,Fri,24.89
SHP00286,40.95,2.96,5,Clear,0.361,Standard,4,8,1.76,Sat,18.45
SHP00287,288.79,3.26,1,Clear,0.513,Express,7,4,1.56,Wed,25.48
SHP00288,184.19,2.2,4,Clear,0.551,Express,6,7,1.99,Fri,25.23
SHP00289,108.59,3.15,5,Clear,0.751,Standard,3,6,3.14,Thu,27.62
SHP00290,50.59,0.81,5,Rain,0.462,Standard,5,4,0.5,Sun,21.29
SHP00291,42.78,4.88,5,Clear,0.618,Express,8,2,3.08,Thu,30.72
SHP00292,89.02,17.22,3,Clear,0.664,Standard,1,2,2.9,Mon,26.06
SHP00293,189.17,2.26,3,Clear,0.649,Express,3,5,3.77,Tue,22.52
SHP00294,29.35,4.31,5,Clear,0.983,Standard,5,9,5.71,Wed,26.1
SHP00295,151.05,6.03,4,Clear,0.38,Standard,1,10,1.17,Mon,30.71
SHP00296,61.13,8.13,1,Clear,0.968,Standard,5,3,0.51,Fri,14.36
SHP00297,70.24,2.76,2,Storm,0.728,Standard,5,2,2.44,Sun,22.97
SHP00298,106.36,0.94,3,Cloudy,0.867,Standard,8,3,2.29,Tue,25.14
SHP00299,52.03,4.0,4,Clear,0.63,Standard,1,2,1.6,Wed,16.71
SHP00300,85.74,3.63,4,Clear,0.645,Standard,5,9,2.97,Fri,19.92
SHP00301,48.45,2.61,2,Clear,0.922,Standard,8,10,1.24,Wed,21.94
SHP00302,65.14,3.02,2,Clear,0.932,Standard,5,10,1.77,Wed,16.96
SHP00303,170.53,3.67,4,Cloudy,0.505,Standard,5,5,3.07,Sat,32.23
SHP00304,110.31,4.28,2,Rain,0.48,Standard,7,6,1.62,Sat,19.47
SHP00305,170.11,4.15,4,Clear,0.673,Standard,4,3,2.3,Sun,26.33
SHP00306,60.49,2.85,2,Rain,0.935,Standard,2,2,1.63,Tue,11.67
SHP00307,151.79,4.34,2,Clear,0.56,Standard,5,2,0.83,Sat,15.1
SHP00308,22.5,2.72,4,Clear,0.774,Standard,7,10,3.73,Fri,22.54
SHP00309,106.32,5.2,5,Clear,0.81,Standard,8,2,3.5,Sat,28.51
SHP00310,158.52,2.14,4,Clear,0.856,Standard,1,8,3.42,Sun,30.05
SHP00311,21.59,3.49,1,Rain,0.717,Standard,6,10,1.89,Sun,18.35
SHP00312,61.06,1.07,2,Clear,0.612,Standard,5,10,3.94,Mon,24.44
SHP00313,106.27,2.56,3,Clear,0.979,Standard,7,2,4.06,Mon,25.93
SHP00314,198.37,4.94,2,Storm,0.747,Express,4,2,5.25,Mon,31.2
SHP00315,65.13,1.61,1,Rain,0.824,Standard,7,7,1.91,Sun,19.02
SHP00316,147.85,2.65,3,Cloudy,0.574,Standard,4,3,2.41,Wed,20.38
SHP00317,253.56,0.62,3,Rain,0.785,Express,6,6,0.83,Thu,22.94
SHP00318,152.42,1.27,4,Clear,0.518,Standard,5,2,5.7,Tue,28.59
SHP00319,88.15,1.53,5,Rain,0.509,Express,3,7,1.66,Mon,22.99
SHP00320,133.16,3.57,4,Cloudy,0.815,Standard,6,2,0.63,Tue,26.9
SHP00321,63.64,4.19,3,Rain,0.689,Standard,2,4,5.35,Sat,24.46
SHP00322,109.31,3.19,3,Rain,0.794,Standard,1,0,1.86,Wed,25.75
SHP00323,91.41,2.54,5,Clear,0.525,Standard,7,4,7.22,Tue,30.61
SHP00324,130.18,2.55,2,Rain,0.739,Standard,1,5,2.18,Mon,23.82
SHP00325,74.72,5.48,5,Clear,0.639,Standard,1,6,1.13,Mon,19.89
SHP00326,135.25,3.85,4,Clear,0.738,Standard,8,1,3.83,Sun,26.58
SHP00327,74.17,2.63,2,Clear,0.539,Express,8,1,1.77,Wed,18.98
SHP00328,183.02,8.21,4,Rain,0.815,Standard,1,8,3.34,Wed,28.23
SHP00329,80.06,13.0,5,Clear,0.874,Standard,4,9,1.19,Fri,28.3
SHP00330,13.05,1.39,2,Clear,0.519,Standard,7,0,3.08,Wed,17.36
SHP00331,44.02,4.79,5,Clear,0.545,Standard,8,1,1.55,Thu,20.76
SHP00332,104.06,28.87,1,Storm,0.78,Standard,2,1,3.66,Thu,27.56
SHP00333,287.19,4.04,3,Clear,0.802,Standard,5,9,1.99,Mon,29.47
SHP00334,178.45,3.6,2,Rain,0.808,Standard,5,6,2.41,Sat,29.21
SHP00335,10.03,3.19,3,Rain,0.794,Standard,3,5,1.74,Wed,21.33
SHP00336,26.82,4.68,1,Clear,0.605,Express,5,8,2.06,Thu,11.92
SHP00337,214.83,5.63,2,Clear,0.607,Standard,8,10,3.61,Sun,33.22
SHP00338,157.94,1.39,3,Cloudy,0.516,Standard,2,6,0.81,Thu,21.28
SHP00339,385.28,3.26,3,Rain,0.452,Standard,5,2,2.63,Sun,38.06
SHP00340,71.87,0.68,2,Cloudy,0.8,Standard,4,2,9.72,Fri,24.29
SHP00341,51.13,2.87,3,Clear,0.411,Standard,6,0,4.84,Sat,22.44
SHP00342,108.14,1.76,3,Rain,0.96,Standard,5,7,1.89,Sun,21.62
SHP00343,70.79,4.21,2,Clear,0.887,Express,1,0,2.31,Sat,20.08
SHP00344,202.03,1.04,3,Cloudy,0.907,Standard,1,10,1.46,Wed,18.73
SHP00345,68.91,2.32,3,Rain,0.939,Standard,6,1,3.25,Fri,24.29
SHP00346,83.69,6.53,4,Clear,0.616,Standard,1,10,0.64,Sat,17.41
SHP00347,45.28,2.07,4,Rain,0.9,Standard,1,6,1.54,Sat,23.17
SHP00348,170.7,0.88,1,Cloudy,0.453,Standard,4,0,1.13,Sun,23.87
SHP00349,47.79,3.98,4,Rain,0.364,Standard,4,3,1.51,Tue,21.34
SHP00350,136.97,2.2,4,Clear,0.86,Standard,4,8,2.54,Fri,34.96
SHP00351,318.13,2.92,1,Clear,0.399,Standard,8,7,0.5,Sat,24.75
SHP00352,18.62,1.99,3,Rain,0.993,Standard,5,10,1.68,Tue,17.73
SHP00353,261.11,13.22,3,Clear,0.789,Standard,6,7,1.4,Tue,28.33
SHP00354,125.17,1.12,4,Clear,0.84,Standard,1,2,4.19,Sat,25.04
SHP00355,39.19,24.13,1,Storm,0.51,Standard,3,4,0.95,Sun,15.94
SHP00356,111.11,2.53,3,Clear,0.788,Standard,6,3,2.57,Wed,21.05
SHP00357,167.43,3.78,5,Storm,0.378,Standard,3,10,1.89,Tue,31.26
SHP00358,53.99,2.22,2,Clear,0.895,Standard,1,7,4.4,Tue,14.8
SHP00359,142.33,2.16,2,Clear,0.46,Standard,2,10,3.99,Fri,18.58
SHP00360,274.95,1.92,2,Cloudy,0.803,Standard,6,6,6.36,Wed,32.46
SHP00361,68.84,5.06,4,Cloudy,0.496,Express,8,6,4.51,Sun,24.14
SHP00362,44.81,1.24,2,Cloudy,0.394,Standard,5,9,2.7,Wed,19.97
SHP00363,93.5,4.28,2,Clear,0.663,Express,3,9,3.8,Tue,15.82
SHP00364,106.91,0.72,5,Rain,0.46,Standard,6,6,1.75,Sun,24.73
SHP00365,208.79,4.02,3,Clear,0.824,Standard,6,0,2.35,Fri,29.97
SHP00366,91.25,6.02,5,Clear,0.504,Standard,4,6,2.42,Fri,26.82
SHP00367,73.81,1.36,4,Clear,0.573,Standard,2,3,1.0,Fri,22.5
SHP00368,43.85,5.34,2,Cloudy,0.719,Express,4,2,4.29,Fri,19.41
SHP00369,21.76,3.44,3,Clear,0.535,Standard,2,4,5.44,Mon,19.37
SHP00370,33.04,10.16,2,Clear,0.596,Standard,2,1,1.91,Sun,16.36
SHP00371,32.86,1.82,2,Clear,0.88,Standard,5,7,2.03,Sat,18.28
SHP00372,84.37,23.84,4,Clear,0.466,Standard,6,8,1.25,Tue,23.47
SHP00373,26.07,0.62,2,Clear,0.403,Standard,4,4,0.74,Tue,7.53
SHP00374,98.64,2.64,1,Cloudy,0.563,Standard,8,2,3.52,Tue,23.59
SHP00375,313.7,1.01,3,Clear,0.626,Standard,4,9,0.79,Wed,29.5
SHP00376,212.72,12.13,3,Rain,0.703,Express,3,6,0.74,Sun,27.61
SHP00377,83.76,2.76,1,Cloudy,0.592,Standard,6,0,3.36,Wed,10.54
SHP00378,442.85,2.94,4,Clear,0.863,Standard,1,9,2.45,Fri,38.22
SHP00379,107.18,4.53,2,Cloudy,0.376,Standard,1,2,3.53,Sat,16.03
SHP00380,118.28,3.31,2,Clear,0.631,Express,3,8,1.12,Sun,21.14
SHP00381,92.2,2.19,3,Rain,0.598,Standard,2,1,6.9,Wed,25.88
SHP00382,100.23,1.38,4,Storm,0.771,Standard,8,10,0.97,Thu,29.96
SHP00383,67.01,3.74,4,Clear,0.978,Express,3,8,1.4,Sun,18.9
SHP00384,84.67,4.33,4,Cloudy,0.682,Standard,3,10,1.16,Tue,22.56
SHP00385,262.23,5.4,2,Clear,0.991,Standard,4,0,6.77,Tue,29.48
SHP00386,227.65,12.67,4,Clear,0.546,Standard,3,3,1.56,Mon,27.58
SHP00387,12.39,0.72,1,Rain,0.37,Express,7,9,0.9,Mon,12.18
SHP00388,29.06,3.17,5,Clear,0.458,Express,8,5,9.31,Thu,34.38
SHP00389,54.61,7.65,4,Clear,0.607,Express,2,6,6.05,Mon,26.08
SHP00390,190.25,3.04,5,Clear,0.556,Standard,1,2,4.9,Sat,31.84
SHP00391,230.92,0.65,2,Cloudy,0.413,Standard,5,8,5.82,Fri,25.44
SHP00392,167.0,1.34,4,Clear,0.631,Standard,8,3,0.94,Fri,29.84
SHP00393,39.05,4.18,3,Rain,0.57,Express,8,4,6.36,Sun,25.6
SHP00394,68.08,4.07,2,Clear,0.43,Express,6,7,1.81,Tue,19.39
SHP00395,144.01,5.32,1,Clear,0.542,Standard,3,2,2.78,Fri,20.17
SHP00396,85.65,1.92,1,Cloudy,0.926,Standard,6,7,2.11,Mon,20.86
SHP00397,77.0,3.98,5,Clear,0.546,Standard,3,10,5.4,Thu,26.48
SHP00398,77.86,1.71,5,Cloudy,0.814,Standard,7,0,0.5,Sat,20.17
SHP00399,216.75,3.98,3,Clear,0.748,Standard,6,7,0.81,Fri,25.69
SHP00400,154.0,3.45,3,Clear,0.628,Standard,4,10,5.82,Tue,28.44
SHP00401,81.12,1.87,1,Clear,0.505,Standard,4,10,1.26,Tue,18.55
SHP00402,129.18,9.88,4,Rain,0.59,Standard,6,9,5.27,Sat,30.83
SHP00403,34.43,1.01,1,Cloudy,0.735,Express,3,7,1.21,Mon,12.24
SHP00404,68.18,3.01,1,Rain,0.578,Express,7,5,1.76,Fri,13.49
SHP00405,203.39,1.84,3,Clear,0.49,Express,7,4,7.27,Mon,34.43
SHP00406,24.49,11.99,5,Cloudy,0.426,Standard,3,8,3.78,Tue,25.52
SHP00407,155.27,5.05,3,Clear,0.922,Standard,2,5,2.48,Thu,25.36
SHP00408,12.23,2.11,3,Rain,0.636,Standard,1,0,3.16,Fri,18.34
SHP00409,290.19,2.73,3,Cloudy,0.756,Express,8,5,4.52,Sun,38.48
SHP00410,66.92,12.22,1,Cloudy,0.669,Standard,8,0,2.38,Thu,17.64
SHP00411,135.67,1.71,4,Clear,0.917,Standard,1,5,3.35,Sat,22.69
SHP00412,111.49,0.97,1,Clear,0.706,Standard,7,2,9.43,Fri,30.71
SHP00413,114.38,4.07,2,Clear,0.663,Express,5,5,0.87,Tue,20.0
SHP00414,127.58,4.14,3,Rain,0.951,Standard,1,5,2.47,Fri,20.92
SHP00415,20.32,5.29,3,Clear,0.818,Standard,5,0,1.46,Tue,15.96
SHP00416,116.05,5.32,2,Clear,0.423,Standard,4,8,1.02,Wed,22.62
SHP00417,89.45,11.47,3,Clear,0.466,Express,8,7,2.44,Tue,22.98
SHP00418,67.21,1.0,3,Clear,0.862,Standard,5,1,1.04,Tue,21.2
SHP00419,54.58,1.43,3,Clear,0.893,Standard,5,1,0.91,Sat,16.45
SHP00420,118.1,5.28,2,Rain,0.704,Standard,1,4,2.0,Fri,22.26
SHP00421,45.3,1.53,1,Cloudy,0.71,Standard,7,9,3.28,Thu,15.38
SHP00422,201.05,1.2,3,Rain,0.761,Standard,3,1,3.1,Tue,21.35
SHP00423,142.43,12.26,4,Rain,0.635,Standard,7,10,2.03,Fri,32.88
SHP00424,123.13,1.07,2,Clear,0.792,Standard,4,0,0.64,Tue,22.18
SHP00425,195.63,2.6,5,Clear,0.421,Express,2,1,0.6,Mon,21.56
SHP00426,17.16,3.18,2,Clear,0.975,Standard,5,4,2.85,Mon,17.4
SHP00427,33.41,8.3,1,Rain,0.838,Express,5,10,1.29,Mon,21.82
SHP00428,146.69,0.9,2,Clear,0.76,Standard,6,9,2.57,Mon,24.09
SHP00429,57.22,4.44,5,Clear,0.556,Standard,5,6,2.32,Thu,22.68
SHP00430,63.23,1.78,4,Clear,0.455,Express,7,4,0.5,Sat,23.93
SHP00431,29.09,5.15,5,Clear,0.616,Standard,3,0,5.89,Tue,22.16
SHP00432,45.41,1.76,2,Clear,0.78,Standard,2,6,0.59,Mon,13.02
SHP00433,203.94,9.98,5,Clear,0.762,Standard,7,5,1.8,Fri,35.16
SHP00434,144.38,1.77,2,Rain,0.599,Standard,6,6,0.71,Mon,21.32
SHP00435,117.19,0.59,4,Rain,0.749,Standard,7,1,1.27,Wed,25.25
SHP00436,65.2,1.91,4,Clear,0.879,Standard,1,4,1.4,Wed,14.71
SHP00437,112.11,2.77,1,Clear,0.367,Express,4,7,1.51,Sat,15.7
SHP00438,215.51,7.08,4,Rain,0.643,Standard,3,6,1.84,Thu,29.04
SHP00439,58.37,1.38,3,Clear,0.843,Standard,2,5,6.75,Sun,25.92
SHP00440,100.06,1.4,5,Rain,0.705,Standard,4,5,0.98,Wed,26.93
SHP00441,301.5,6.5,5,Clear,0.773,Express,1,0,3.36,Fri,32.77
SHP00442,165.56,1.27,2,Cloudy,0.686,Standard,4,0,4.88,Mon,26.21
SHP00443,65.94,2.93,4,Cloudy,0.995,Standard,6,6,3.12,Wed,25.21
SHP00444,156.84,2.97,1,Cloudy,0.386,Standard,5,2,5.57,Wed,24.17
SHP00445,24.1,3.87,1,Rain,0.669,Express,5,5,3.14,Thu,12.42
SHP00446,97.17,1.96,1,Clear,0.409,Standard,3,4,3.07,Wed,9.0
SHP00447,156.73,1.74,3,Clear,0.454,Standard,4,2,4.97,Mon,28.46
SHP00448,133.97,4.2,4,Clear,0.599,Standard,7,5,2.77,Sat,29.68
SHP00449,155.72,1.77,1,Rain,0.451,Express,5,2,4.9,Sun,21.67
SHP00450,178.95,1.28,3,Clear,0.976,Standard,3,7,2.76,Sat,29.96
SHP00451,141.18,7.84,5,Rain,0.965,Express,3,6,4.84,Sat,29.06
SHP00452,138.45,4.67,2,Clear,0.568,Standard,6,8,6.33,Sun,25.18
SHP00453,119.08,11.44,4,Clear,0.766,Standard,3,4,1.62,Tue,20.97
SHP00454,40.97,5.75,4,Cloudy,0.697,Standard,1,0,1.43,Mon,19.39
SHP00455,203.88,1.37,5,Clear,0.88,Standard,7,10,5.57,Wed,31.42
SHP00456,99.72,3.55,4,Clear,0.758,Standard,5,9,4.77,Wed,24.53
SHP00457,162.86,1.63,4,Clear,0.35,Standard,5,10,0.5,Sun,24.74
SHP00458,190.55,1.04,4,Clear,0.846,Standard,2,7,2.6,Wed,22.8
SHP00459,68.57,2.43,4,Cloudy,0.835,Standard,1,1,7.23,Thu,22.64
SHP00460,73.36,6.6,3,Cloudy,0.681,Standard,5,5,0.81,Fri,14.62
SHP00461,81.14,4.02,3,Clear,0.937,Standard,6,0,0.71,Mon,23.12
SHP00462,228.89,1.25,2,Clear,0.94,Express,5,5,1.23,Sat,23.06
SHP00463,49.05,2.37,4,Clear,0.691,Standard,2,3,1.53,Wed,14.45
SHP00464,254.3,3.0,5,Clear,0.745,Standard,8,4,0.5,Sun,29.6
SHP00465,118.16,1.02,1,Storm,0.998,Standard,4,9,0.82,Tue,21.63
SHP00466,124.07,5.47,2,Rain,0.544,Standard,4,6,0.5,Thu,15.64
SHP00467,185.08,2.83,1,Clear,0.561,Standard,1,5,2.53,Fri,25.04
SHP00468,108.97,1.25,1,Clear,0.469,Express,3,0,2.49,Wed,6.47
SHP00469,205.35,1.21,4,Rain,0.932,Express,2,8,5.6,Sat,30.38
SHP00470,68.49,7.17,5,Clear,0.834,Standard,8,5,2.69,Mon,28.65
SHP00471,249.16,2.54,1,Clear,0.419,Standard,2,5,3.32,Tue,20.21
SHP00472,72.7,7.64,1,Rain,0.988,Standard,8,8,3.58,Sat,26.7
SHP00473,255.18,9.98,2,Clear,0.825,Standard,8,9,0.95,Thu,27.77
SHP00474,74.22,6.79,5,Clear,0.903,Standard,5,4,0.85,Mon,28.95
SHP00475,82.91,2.29,5,Storm,0.381,Standard,6,10,0.73,Sun,24.11
SHP00476,44.19,0.58,1,Cloudy,0.678,Standard,5,5,1.53,Mon,9.39
SHP00477,55.1,4.13,5,Clear,0.804,Standard,6,5,1.43,Thu,20.04
SHP00478,100.08,14.36,2,Clear,0.703,Standard,2,6,2.29,Sun,21.01
SHP00479,121.29,3.24,2,Clear,0.783,Standard,3,8,3.77,Mon,22.36
SHP00480,195.82,0.82,2,Cloudy,0.882,Standard,4,4,3.32,Sun,28.34
SHP00481,87.41,2.07,4,Clear,0.593,Standard,1,4,1.41,Sun,20.22
SHP00482,134.17,2.92,1,Clear,0.902,Standard,7,3,1.21,Tue,19.23
SHP00483,115.69,1.54,5,Rain,0.456,Express,6,9,1.34,Tue,23.3
SHP00484,144.3,0.55,2,Clear,0.526,Express,4,3,1.5,Sun,16.56
SHP00485,61.81,3.1,1,Clear,0.378,Standard,1,7,0.56,Mon,16.68
SHP00486,67.71,1.92,1,Clear,0.587,Standard,3,1,2.72,Wed,16.26
SHP00487,61.83,11.48,4,Clear,0.597,Standard,2,9,7.26,Mon,31.65
SHP00488,220.44,3.56,5,Clear,0.873,Standard,3,7,2.2,Wed,32.37
SHP00489,250.68,4.61,5,Rain,0.775,Standard,6,1,2.27,Mon,35.05
SHP00490,65.47,3.05,2,Rain,0.634,Standard,2,0,3.01,Sat,16.04
SHP00491,66.51,3.55,2,Clear,0.774,Standard,8,9,0.8,Fri,21.8
SHP00492,157.95,1.04,1,Clear,0.384,Standard,5,8,1.24,Tue,18.38
SHP00493,268.38,1.6,5,Cloudy,0.467,Express,8,10,1.36,Mon,32.5
SHP00494,305.38,7.11,5,Clear,0.758,Standard,1,7,0.77,Tue,30.36
SHP00495,63.16,3.84,2,Clear,0.767,Standard,5,5,6.28,Thu,17.07
SHP00496,76.2,2.51,3,Rain,0.853,Standard,2,3,3.7,Fri,26.47
SHP00497,125.68,4.67,1,Clear,0.612,Standard,7,1,3.89,Wed,21.42
SHP00498,129.91,4.73,5,Clear,0.82,Standard,1,7,1.65,Thu,20.0
SHP00499,89.94,13.38,4,Clear,0.795,Standard,1,2,2.41,Fri,23.64
SHP00500,53.6,3.72,4,Clear,0.976,Standard,5,9,1.53,Thu,20.28
SHP00501,100.2,1.58,3,Clear,0.49,Express,1,3,1.82,Tue,16.34
SHP00502,305.18,3.06,2,Clear,0.709,Standard,2,4,2.28,Sat,30.6
SHP00503,68.48,5.08,2,Clear,0.741,Express,8,3,1.91,Fri,22.41
SHP00504,120.42,6.67,2,Cloudy,0.999,Standard,7,10,2.26,Thu,25.17
SHP00505,433.67,1.07,4,Clear,0.481,Standard,6,7,0.5,Wed,35.04
SHP00506,67.72,3.97,2,Clear,0.69,Standard,6,8,0.81,Fri,17.54
SHP00507,162.9,1.77,4,Cloudy,0.575,Standard,2,0,1.53,Fri,21.13
SHP00508,313.35,2.23,3,Rain,0.692,Standard,5,1,1.75,Thu,31.83
SHP00509,153.75,6.0,1,Clear,0.501,Standard,3,3,1.75,Sat,18.41
SHP00510,210.55,5.6,5,Clear,0.381,Standard,2,0,3.24,Sun,25.08
SHP00511,177.49,2.07,3,Clear,0.722,Standard,6,10,2.61,Sun,24.45
SHP00512,145.7,2.97,4,Cloudy,0.568,Standard,2,5,2.9,Sun,24.0
SHP00513,245.49,2.28,3,Clear,0.468,Standard,1,4,1.34,Sun,22.34
SHP00514,159.54,25.13,5,Clear,0.561,Standard,1,6,0.94,Mon,23.19
SHP00515,90.61,4.03,1,Clear,0.382,Express,2,5,1.87,Wed,13.92
SHP00516,114.09,1.84,5,Clear,0.968,Express,5,2,3.51,Wed,30.52
SHP00517,132.94,8.38,4,Clear,0.728,Standard,3,4,6.1,Sun,31.17
SHP00518,75.86,8.59,5,Clear,0.88,Standard,1,2,1.38,Thu,19.25
SHP00519,117.71,11.64,3,Rain,0.625,Standard,6,8,6.09,Sat,31.07
SHP00520,106.2,14.32,2,Cloudy,0.937,Express,7,1,0.85,Tue,25.15
SHP00521,159.21,5.45,3,Clear,0.664,Standard,1,5,0.53,Tue,16.48
SHP00522,366.11,2.6,4,Clear,0.723,Standard,6,8,1.71,Sun,38.91
SHP00523,122.57,2.88,1,Clear,0.67,Standard,8,9,0.94,Mon,17.45
SHP00524,272.68,2.71,5,Clear,0.827,Standard,8,6,1.2,Mon,40.34
SHP00525,155.46,2.5,1,Rain,0.718,Standard,7,4,4.14,Thu,24.67
SHP00526,117.34,7.91,4,Storm,0.527,Standard,3,1,3.87,Sat,34.87
SHP00527,72.64,3.32,5,Clear,0.445,Standard,7,1,2.61,Tue,28.74
SHP00528,117.95,6.55,3,Clear,0.744,Standard,1,3,2.46,Wed,19.58
SHP00529,112.99,5.33,3,Clear,0.668,Express,7,9,1.18,Sat,20.63
SHP00530,58.53,1.54,4,Cloudy,0.412,Standard,5,1,1.89,Tue,20.02
SHP00531,66.13,1.0,5,Cloudy,0.607,Standard,6,7,1.65,Sat,24.53
SHP00532,133.7,1.4,3,Rain,0.685,Standard,1,9,0.66,Thu,19.64
SHP00533,270.96,2.46,4,Cloudy,0.887,Standard,1,6,6.82,Tue,29.56
SHP00534,97.8,3.65,4,Clear,0.399,Standard,2,6,1.69,Fri,18.68
SHP00535,27.77,2.11,1,Cloudy,0.577,Standard,8,2,0.88,Sun,12.75
SHP00536,10.23,5.43,3,Cloudy,0.885,Standard,5,6,0.6,Thu,19.43
SHP00537,43.46,2.29,5,Clear,0.771,Standard,5,7,3.03,Fri,27.6
SHP00538,165.62,3.97,3,Clear,0.538,Express,2,4,6.44,Sat,27.04
SHP00539,33.38,3.6,3,Cloudy,0.899,Standard,7,0,7.84,Thu,27.58
SHP00540,183.17,11.18,3,Cloudy,0.671,Standard,6,0,1.99,Wed,23.94
SHP00541,159.69,1.68,4,Cloudy,0.674,Standard,4,10,1.69,Thu,26.32
SHP00542,95.39,15.58,2,Cloudy,0.985,Express,3,3,2.31,Thu,21.71
SHP00543,58.96,2.19,2,Cloudy,0.966,Standard,8,1,2.27,Sun,20.52
SHP00544,85.59,1.3,1,Cloudy,0.583,Express,5,6,0.5,Thu,14.11
SHP00545,131.46,2.85,3,Clear,0.441,Standard,8,2,1.53,Thu,22.48
SHP00546,34.41,32.08,2,Cloudy,0.562,Standard,4,3,2.73,Mon,25.24
SHP00547,253.86,6.21,1,Clear,0.37,Standard,6,8,3.15,Fri,29.35
SHP00548,130.63,5.06,4,Clear,0.363,Standard,3,1,3.31,Thu,24.02
SHP00549,140.96,5.79,3,Clear,0.607,Standard,5,7,2.24,Thu,18.91
SHP00550,158.93,1.94,5,Cloudy,0.962,Standard,1,0,0.84,Sat,25.97
SHP00551,238.43,4.17,4,Cloudy,0.916,Standard,5,2,1.95,Mon,30.98
SHP00552,118.15,3.33,1,Storm,0.682,Standard,3,3,5.03,Tue,23.6
SHP00553,165.69,11.78,4,Clear,0.717,Standard,7,5,2.88,Sat,26.46
SHP00554,59.77,3.08,5,Clear,0.354,Express,4,0,1.74,Sat,15.73
SHP00555,306.17,2.55,4,Clear,0.49,Express,8,7,8.32,Sun,38.61
SHP00556,112.6,1.47,1,Clear,0.366,Standard,7,1,2.33,Sun,21.73
SHP00557,59.52,3.66,5,Rain,0.84,Express,1,4,1.92,Mon,19.54
SHP00558,72.66,4.08,5,Clear,0.445,Standard,3,5,3.52,Mon,22.18
SHP00559,16.08,1.43,4,Cloudy,0.915,Standard,6,7,0.77,Sun,26.17
SHP00560,72.29,4.56,5,Cloudy,0.768,Standard,7,2,1.69,Mon,25.35
SHP00561,7.01,3.91,4,Clear,0.499,Standard,3,8,1.96,Sat,17.83
SHP00562,173.76,6.75,3,Rain,0.453,Standard,5,4,0.5,Sat,25.02
SHP00563,138.07,7.76,5,Clear,0.758,Standard,8,7,2.5,Sun,27.31
SHP00564,45.8,3.55,4,Clear,0.936,Standard,6,3,3.13,Thu,25.15
SHP00565,99.12,1.61,3,Rain,0.817,Standard,2,8,1.41,Mon,20.22
SHP00566,102.4,1.86,5,Rain,0.577,Express,2,7,3.64,Mon,24.42
SHP00567,37.9,11.4,3,Clear,0.732,Express,7,4,4.52,Sun,23.55
SHP00568,86.94,3.73,5,Clear,0.552,Standard,1,2,4.91,Sat,29.72
SHP00569,104.7,11.27,1,Clear,0.999,Standard,3,0,0.87,Sat,14.89
SHP00570,85.19,4.71,1,Clear,0.837,Standard,4,4,2.43,Mon,21.03
SHP00571,59.47,5.63,4,Storm,0.749,Standard,1,4,3.38,Thu,26.56
SHP00572,44.3,6.41,2,Cloudy,0.625,Standard,6,3,2.42,Wed,16.67
SHP00573,82.96,1.41,1,Clear,0.752,Standard,7,9,4.31,Wed,23.25
SHP00574,65.45,4.12,2,Rain,0.572,Standard,1,9,2.57,Tue,22.27
SHP00575,151.98,1.4,3,Clear,0.369,Standard,7,7,0.84,Thu,20.45
SHP00576,247.81,2.72,3,Clear,0.607,Express,5,2,4.36,Sat,29.4
SHP00577,189.0,5.2,2,Rain,0.955,Express,6,9,2.37,Mon,28.75
SHP00578,107.21,1.62,4,Rain,0.757,Standard,8,8,6.23,Sun,34.43
SHP00579,61.32,4.91,5,Rain,0.405,Standard,4,2,0.85,Mon,24.27
SHP00580,185.7,1.16,2,Clear,0.925,Express,3,3,2.4,Mon,22.39
SHP00581,158.17,7.39,2,Rain,0.525,Standard,6,5,5.92,Wed,29.74
SHP00582,236.89,2.09,2,Clear,0.508,Standard,3,8,2.61,Sun,22.46
SHP00583,118.24,1.62,2,Cloudy,0.543,Standard,3,9,3.79,Sat,22.68
SHP00584,296.16,1.22,2,Storm,0.725,Standard,1,1,4.64,Sun,30.8
SHP00585,118.27,2.21,4,Clear,0.704,Express,5,1,2.29,Mon,18.96
SHP00586,61.08,0.87,1,Rain,0.669,Standard,1,1,1.1,Mon,12.57
SHP00587,70.43,2.26,5,Clear,0.816,Standard,2,4,4.13,Wed,24.31
SHP00588,147.18,7.17,1,Clear,0.556,Standard,2,5,1.98,Mon,19.71
SHP00589,65.31,2.91,2,Cloudy,0.858,Standard,3,2,0.5,Sun,13.08
SHP00590,294.88,1.46,1,Clear,0.464,Standard,5,2,5.2,Tue,25.59
SHP00591,139.07,3.89,4,Cloudy,0.859,Standard,6,1,6.75,Sat,34.45
SHP00592,105.55,3.66,3,Clear,0.781,Standard,3,10,1.35,Sun,22.82
SHP00593,111.95,13.06,1,Rain,0.794,Standard,6,5,2.22,Fri,26.43
SHP00594,84.52,5.77,5,Clear,0.663,Standard,3,0,7.13,Sun,31.62
SHP00595,21.4,4.11,4,Clear,0.784,Standard,8,8,6.0,Sun,28.98
SHP00596,70.47,6.26,3,Clear,0.402,Standard,1,10,3.38,Tue,17.0
SHP00597,272.18,3.02,4,Rain,0.904,Standard,8,9,5.62,Thu,40.52
SHP00598,120.47,3.15,2,Cloudy,0.386,Standard,3,3,1.88,Sun,22.96
SHP00599,203.16,10.6,3,Cloudy,0.447,Standard,3,1,0.64,Tue,30.53
SHP00600,206.93,1.06,5,Clear,0.725,Standard,5,5,4.88,Tue,33.74
SHP00601,99.8,6.54,3,Clear,0.831,Express,5,4,2.16,Sun,22.64
SHP00602,159.9,3.07,5,Clear,0.4,Standard,7,2,0.5,Sun,28.24
SHP00603,23.93,2.71,2,Cloudy,0.948,Standard,6,2,1.39,Wed,17.61
SHP00604,258.39,2.25,5,Clear,0.983,Standard,5,4,1.82,Thu,36.24
SHP00605,245.21,3.7,4,Storm,0.744,Standard,3,3,2.0,Sun,35.62
SHP00606,144.44,3.22,1,Rain,0.663,Standard,5,4,1.21,Sat,22.95
SHP00607,123.53,2.48,4,Clear,0.832,Standard,5,1,0.91,Sun,22.84
SHP00608,100.76,2.03,4,Clear,0.563,Standard,4,10,0.5,Sat,17.84
SHP00609,218.41,0.87,3,Rain,0.671,Standard,4,0,0.5,Tue,27.24
SHP00610,172.26,2.0,2,Clear,0.945,Standard,2,4,2.13,Fri,23.34
SHP00611,77.77,2.32,1,Clear,0.971,Standard,1,10,2.67,Tue,14.69
SHP00612,39.42,3.69,5,Clear,0.953,Standard,7,0,0.89,Mon,20.76
SHP00613,32.87,13.12,3,Cloudy,0.521,Standard,7,2,5.54,Wed,25.5
SHP00614,216.93,2.16,2,Rain,0.501,Express,1,7,1.58,Mon,16.92
SHP00615,99.18,1.62,1,Clear,0.543,Express,5,10,2.0,Thu,16.67
SHP00616,142.85,2.01,4,Clear,0.637,Standard,2,7,1.91,Thu,24.97
SHP00617,108.55,3.7,2,Clear,0.554,Standard,2,8,0.5,Wed,17.54
SHP00618,33.29,5.01,2,Cloudy,0.593,Standard,6,0,4.34,Tue,18.21
SHP00619,24.5,5.53,2,Clear,0.753,Standard,7,3,3.33,Thu,15.97
SHP00620,73.74,5.93,4,Clear,0.846,Standard,4,5,5.66,Fri,28.51
SHP00621,78.63,6.54,5,Rain,0.828,Standard,2,6,5.41,Sun,32.04
SHP00622,78.59,2.73,3,Storm,0.879,Standard,3,4,3.04,Wed,22.95
SHP00623,80.34,13.97,5,Storm,0.371,Standard,6,6,3.5,Mon,32.27
SHP00624,351.15,2.59,1,Rain,0.381,Standard,7,10,0.84,Fri,35.93
SHP00625,201.18,3.58,3,Clear,0.863,Standard,5,9,1.59,Sun,28.64
SHP00626,121.68,8.22,1,Clear,0.697,Standard,3,7,1.9,Sun,17.83
SHP00627,97.38,4.94,4,Clear,0.726,Standard,1,9,1.42,Sat,24.54
SHP00628,99.89,0.69,5,Clear,0.384,Standard,7,5,5.33,Wed,25.56
SHP00629,168.15,3.33,2,Storm,0.516,Standard,4,10,2.48,Fri,23.69
SHP00630,96.72,6.07,3,Rain,0.765,Standard,3,3,1.12,Sun,24.0
SHP00631,188.06,1.3,2,Cloudy,0.908,Standard,5,0,5.1,Wed,26.07
SHP00632,130.97,5.62,1,Clear,0.946,Standard,8,10,2.54,Mon,24.45
SHP00633,353.13,4.36,2,Rain,0.675,Standard,3,4,4.21,Tue,31.8
SHP00634,92.53,7.6,2,Rain,0.705,Standard,3,9,0.82,Wed,18.2
SHP00635,210.48,2.05,4,Clear,0.891,Standard,2,9,2.69,Thu,31.94
SHP00636,42.67,6.67,4,Rain,0.699,Standard,4,9,1.07,Mon,27.2
SHP00637,62.57,3.71,5,Clear,0.686,Standard,1,3,2.58,Mon,26.3
SHP00638,324.11,11.43,1,Clear,0.938,Standard,8,4,3.34,Fri,37.74
SHP00639,182.91,23.34,4,Cloudy,0.863,Standard,5,3,0.75,Thu,30.4
SHP00640,144.6,9.75,4,Cloudy,0.941,Standard,6,8,2.1,Fri,25.87
SHP00641,409.87,4.65,5,Clear,0.492,Express,6,2,0.82,Sat,35.75
SHP00642,98.4,16.86,3,Clear,0.691,Standard,5,2,4.37,Mon,31.76
SHP00643,210.16,5.07,5,Storm,0.898,Express,1,9,2.27,Wed,29.5
SHP00644,220.19,1.76,2,Cloudy,0.422,Standard,5,6,1.12,Sat,28.84
SHP00645,280.82,3.23,2,Cloudy,0.867,Express,2,1,1.38,Thu,23.94
SHP00646,38.37,5.66,4,Clear,0.469,Standard,8,8,1.55,Mon,15.1
SHP00647,97.92,5.92,4,Clear,0.875,Express,6,7,5.6,Sun,29.34
SHP00648,129.41,1.51,5,Clear,0.748,Standard,7,5,2.05,Thu,31.34
SHP00649,277.93,1.54,5,Clear,0.476,Standard,6,8,3.87,Sat,35.7
SHP00650,140.66,2.61,1,Clear,0.658,Standard,7,10,2.12,Wed,25.26
SHP00651,220.5,4.83,2,Clear,0.793,Express,3,2,0.84,Tue,16.09
SHP00652,35.29,5.28,5,Cloudy,0.762,Standard,2,3,1.37,Fri,16.87
SHP00653,81.89,3.67,3,Clear,0.628,Standard,6,6,2.78,Sun,23.22
SHP00654,244.62,1.85,1,Rain,0.935,Standard,2,0,0.5,Fri,25.14
SHP00655,90.2,11.2,5,Clear,0.688,Standard,8,0,3.13,Sat,32.97
SHP00656,103.84,1.57,4,Clear,0.679,Standard,2,0,1.22,Mon,21.86
SHP00657,275.14,8.26,5,Clear,0.39,Standard,1,7,2.47,Mon,27.05
SHP00658,51.27,5.57,4,Clear,0.949,Express,6,5,1.41,Wed,21.08
SHP00659,61.75,8.14,4,Clear,0.465,Express,7,2,3.56,Mon,23.98
SHP00660,31.88,2.43,2,Storm,0.693,Standard,4,9,2.24,Mon,16.24
SHP00661,282.09,3.0,2,Rain,0.872,Standard,8,6,3.47,Mon,35.16
SHP00662,198.78,3.45,5,Clear,0.49,Standard,7,5,0.5,Thu,27.37
SHP00663,195.52,2.38,5,Clear,0.693,Standard,8,4,1.87,Thu,29.19
SHP00664,80.14,3.89,3,Cloudy,0.506,Standard,8,2,1.2,Tue,22.6
SHP00665,29.65,10.03,1,Cloudy,0.844,Standard,1,3,3.07,Thu,11.5
SHP00666,22.02,1.34,1,Clear,0.717,Standard,1,10,4.33,Sun,16.29
SHP00667,245.77,2.1,5,Cloudy,0.906,Express,8,10,4.23,Sun,38.24
SHP00668,151.14,1.94,2,Rain,0.931,Express,2,0,5.81,Fri,27.63
SHP00669,170.91,3.11,3,Cloudy,0.772,Standard,4,8,4.41,Sun,25.08
SHP00670,125.28,3.02,1,Rain,0.822,Express,1,4,1.86,Sat,13.3
SHP00671,55.79,5.7,5,Rain,0.707,Standard,4,1,0.97,Tue,23.43
SHP00672,82.99,3.4,2,Rain,0.6,Standard,6,10,0.5,Mon,20.34
SHP00673,44.86,4.1,2,Clear,0.771,Standard,2,8,0.93,Fri,23.93
SHP00674,40.06,4.39,2,Cloudy,0.94,Standard,1,6,0.5,Tue,15.87
SHP00675,188.29,3.94,4,Rain,0.621,Standard,4,7,0.66,Sat,28.23
SHP00676,24.1,5.43,2,Cloudy,0.554,Standard,5,2,2.63,Tue,16.1
SHP00677,45.12,3.05,5,Storm,0.602,Standard,7,6,0.5,Fri,23.55
SHP00678,86.69,10.51,3,Clear,0.633,Standard,1,10,2.88,Tue,21.64
SHP00679,110.79,19.67,5,Clear,0.398,Standard,1,0,1.37,Fri,22.14
SHP00680,31.51,5.44,2,Clear,0.674,Standard,1,5,2.32,Tue,13.94
SHP00681,139.45,3.89,3,Clear,0.671,Standard,4,9,2.36,Tue,23.67
SHP00682,120.43,5.14,1,Clear,0.732,Standard,3,5,5.82,Sun,22.94
SHP00683,243.07,1.54,1,Cloudy,0.586,Standard,8,10,2.43,Tue,22.81
SHP00684,112.13,3.77,5,Clear,0.749,Standard,6,9,0.7,Fri,29.03
SHP00685,149.14,1.99,3,Cloudy,0.921,Express,7,5,1.02,Tue,21.3
SHP00686,58.43,4.74,5,Cloudy,0.971,Standard,1,2,2.36,Sun,22.17
SHP00687,60.48,2.0,3,Clear,0.729,Standard,5,5,1.79,Sat,24.3
SHP00688,34.69,2.61,3,Clear,0.378,Standard,5,2,2.44,Sat,23.03
SHP00689,58.9,0.9,5,Cloudy,0.98,Standard,8,9,2.92,Thu,23.67
SHP00690,82.06,1.46,3,Cloudy,0.809,Standard,2,8,1.05,Thu,18.85
SHP00691,227.87,4.26,2,Rain,0.568,Standard,3,6,2.98,Thu,27.2
SHP00692,51.82,1.81,3,Rain,0.446,Express,3,3,3.23,Thu,12.88
SHP00693,362.94,6.99,3,Storm,0.443,Standard,4,2,2.47,Thu,38.0
SHP00694,158.03,1.7,5,Cloudy,0.459,Standard,2,5,7.01,Sat,30.89
SHP00695,137.01,4.56,1,Rain,0.38,Express,7,8,0.5,Mon,19.9
SHP00696,105.99,1.95,4,Rain,0.936,Standard,4,2,6.44,Tue,26.96
SHP00697,92.01,4.35,3,Rain,0.701,Express,2,7,1.66,Sat,21.14
SHP00698,66.21,1.13,4,Clear,0.805,Standard,6,5,1.19,Sat,25.43
SHP00699,30.3,2.42,3,Storm,0.888,Standard,3,3,3.06,Wed,22.61
SHP00700,53.34,1.84,5,Clear,0.865,Standard,7,4,1.38,Mon,23.53
SHP00701,281.66,6.16,5,Rain,0.924,Standard,6,2,4.14,Fri,38.45
SHP00702,151.63,4.59,3,Clear,0.979,Standard,7,1,1.63,Sun,27.11
SHP00703,280.08,1.4,5,Clear,0.635,Standard,4,8,4.54,Mon,35.62
SHP00704,64.87,2.88,5,Clear,0.968,Standard,2,2,0.89,Wed,23.13
SHP00705,43.73,1.93,3,Clear,0.82,Standard,3,5,2.75,Sat,18.5
SHP00706,105.25,6.46,1,Clear,0.396,Standard,3,4,1.11,Mon,12.04
SHP00707,55.0,8.09,3,Rain,0.793,Standard,8,9,2.82,Tue,26.99
SHP00708,121.26,1.21,1,Clear,0.796,Express,7,10,0.59,Thu,16.79
SHP00709,24.52,5.92,5,Clear,0.939,Express,7,7,0.64,Tue,23.64
SHP00710,13.91,1.87,1,Clear,0.592,Standard,7,4,1.61,Mon,15.3
SHP00711,133.42,2.78,5,Cloudy,0.73,Standard,1,10,4.67,Sat,30.45
SHP00712,286.61,3.4,1,Clear,0.358,Standard,8,7,0.5,Sat,24.21
SHP00713,137.48,11.84,1,Clear,0.566,Standard,4,10,5.26,Wed,23.6
SHP00714,150.6,1.64,3,Clear,0.39,Express,1,4,2.83,Fri,16.65
SHP00715,108.48,5.96,1,Cloudy,0.689,Standard,8,10,4.43,Tue,21.26
SHP00716,115.93,1.46,5,Clear,0.881,Express,7,9,2.24,Wed,24.03
SHP00717,28.86,1.39,3,Clear,0.484,Standard,7,5,2.49,Fri,18.35
SHP00718,56.72,3.39,1,Clear,0.693,Standard,3,4,1.83,Thu,17.79
SHP00719,226.38,3.37,3,Storm,0.483,Express,4,1,1.68,Tue,24.83
SHP00720,80.68,0.46,4,Clear,0.428,Standard,4,9,3.63,Sat,19.75
SHP00721,223.47,7.48,3,Cloudy,0.682,Standard,6,9,0.9,Tue,28.58
SHP00722,113.69,0.74,4,Clear,0.401,Standard,5,5,2.21,Sat,23.5
SHP00723,117.78,3.0,4,Clear,0.732,Standard,8,6,0.5,Sat,24.84
SHP00724,81.15,8.41,3,Clear,0.37,Standard,2,2,0.67,Thu,15.13
SHP00725,165.6,15.59,5,Clear,0.419,Express,5,2,2.04,Thu,28.25
SHP00726,192.64,2.58,5,Clear,0.707,Standard,5,6,1.29,Mon,31.14
SHP00727,54.21,1.22,5,Clear,0.734,Express,7,10,1.87,Fri,25.41
SHP00728,31.6,8.19,2,Clear,0.369,Standard,3,9,1.03,Wed,10.26
SHP00729,17.27,6.08,4,Cloudy,0.723,Standard,6,3,3.36,Sun,30.91
SHP00730,145.77,2.36,3,Storm,0.895,Express,2,1,0.72,Sun,25.83
SHP00731,134.72,2.16,5,Clear,0.82,Standard,7,8,6.57,Thu,34.89
SHP00732,427.04,2.01,5,Cloudy,0.435,Standard,7,8,5.1,Mon,41.22
SHP00733,108.94,2.61,3,Storm,0.735,Standard,5,5,3.07,Fri,30.62
SHP00734,95.41,4.14,4,Rain,0.787,Standard,5,1,0.62,Fri,22.84
SHP00735,124.1,2.23,3,Clear,0.374,Standard,4,2,1.87,Tue,18.95
SHP00736,128.79,2.44,2,Cloudy,0.906,Express,3,4,3.2,Mon,16.16
SHP00737,90.07,5.2,2,Clear,0.939,Express,5,10,4.27,Mon,19.11
SHP00738,55.7,1.18,3,Clear,0.903,Standard,2,10,4.25,Tue,22.24
SHP00739,104.8,2.55,4,Clear,0.886,Standard,1,4,3.69,Sun,26.21
SHP00740,101.98,1.03,5,Clear,0.834,Express,7,8,0.5,Wed,25.55
SHP00741,100.8,3.58,2,Clear,0.762,Standard,1,9,0.93,Sun,19.13
SHP00742,177.19,0.85,2,Clear,0.791,Standard,3,2,3.76,Thu,23.06
SHP00743,103.45,6.19,4,Cloudy,0.874,Standard,1,1,1.36,Sat,20.89
SHP00744,32.27,1.32,2,Clear,0.781,Standard,4,9,2.71,Tue,18.28
SHP00745,63.34,0.96,2,Clear,0.563,Standard,4,7,6.86,Thu,23.89
SHP00746,89.25,2.57,4,Clear,0.594,Standard,2,6,1.31,Sat,20.52
SHP00747,106.98,11.0,3,Clear,0.933,Standard,6,8,4.47,Mon,31.76
SHP00748,147.84,5.46,5,Cloudy,0.361,Standard,3,2,2.82,Sun,24.98
SHP00749,107.59,0.86,5,Storm,0.804,Standard,3,5,8.93,Tue,32.15
SHP00750,14.27,1.3,2,Clear,0.971,Standard,7,4,2.82,Sat,20.4
SHP00751,35.95,2.52,5,Clear,0.809,Standard,1,4,1.38,Wed,18.79
SHP00752,154.67,15.91,3,Rain,0.996,Express,5,9,2.21,Thu,27.33
SHP00753,87.45,1.72,2,Clear,0.797,Standard,5,7,0.88,Sun,22.89
SHP00754,114.25,1.73,5,Rain,0.372,Express,6,0,3.59,Thu,27.35
SHP00755,79.36,9.67,1,Clear,0.888,Express,7,0,1.59,Thu,13.2
SHP00756,63.13,3.81,1,Clear,0.535,Standard,5,2,2.21,Mon,20.53
SHP00757,81.57,6.94,1,Clear,0.64,Standard,6,10,4.72,Sun,14.54
SHP00758,115.21,2.0,1,Clear,0.553,Express,8,1,0.8,Sat,23.56
SHP00759,102.9,3.09,1,Clear,0.525,Standard,7,1,4.28,Thu,19.7
SHP00760,191.83,8.34,2,Rain,0.63,Express,8,1,0.56,Fri,24.56
SHP00761,26.63,3.0,4,Cloudy,0.596,Standard,2,3,2.0,Sun,17.73
SHP00762,30.4,7.29,4,Cloudy,0.762,Standard,3,0,3.08,Thu,21.26
SHP00763,86.69,4.35,2,Rain,0.879,Standard,1,9,3.76,Mon,22.17
SHP00764,148.97,1.6,2,Clear,0.543,Standard,2,8,0.86,Tue,17.7
SHP00765,170.93,3.28,3,Cloudy,0.489,Standard,4,4,6.93,Thu,31.83
SHP00766,65.15,6.6,4,Clear,0.783,Standard,4,4,3.12,Thu,24.24
SHP00767,5.11,5.3,1,Rain,0.786,Standard,4,8,3.79,Tue,15.1
SHP00768,66.85,3.23,2,Clear,0.936,Standard,6,4,3.13,Sat,24.48
SHP00769,135.01,0.88,1,Cloudy,0.36,Standard,6,10,0.9,Sat,21.25
SHP00770,101.52,0.94,4,Rain,0.904,Standard,7,7,1.21,Fri,26.19
SHP00771,152.64,1.1,5,Clear,0.689,Standard,3,10,5.13,Mon,32.34
SHP00772,221.39,2.32,5,Clear,0.754,Standard,4,0,5.25,Tue,31.82
SHP00773,91.21,2.55,2,Clear,0.409,Standard,6,0,0.5,Mon,16.54
SHP00774,72.83,1.18,3,Clear,0.631,Standard,7,3,3.56,Sat,22.94
SHP00775,49.5,6.79,1,Cloudy,0.498,Standard,6,7,1.98,Tue,9.96
SHP00776,30.23,1.37,2,Storm,0.515,Standard,5,2,2.98,Wed,18.36
SHP00777,22.89,1.27,3,Clear,0.678,Express,6,0,2.51,Fri,19.08
SHP00778,60.15,3.53,1,Clear,0.878,Standard,4,10,2.48,Wed,17.44
SHP00779,202.31,6.56,4,Cloudy,0.833,Standard,2,8,1.07,Sat,24.23
SHP00780,162.5,13.99,5,Clear,0.734,Standard,4,8,4.35,Sun,34.51
SHP00781,70.19,4.99,3,Clear,0.701,Standard,7,8,1.37,Tue,20.85
SHP00782,365.07,10.03,1,Rain,0.628,Standard,7,8,1.94,Sat,31.94
SHP00783,63.55,1.42,2,Cloudy,0.982,Express,7,1,1.1,Tue,24.02
SHP00784,234.84,15.06,1,Clear,0.714,Standard,5,10,2.21,Mon,24.46
SHP00785,270.38,0.9,2,Clear,0.515,Standard,4,10,0.73,Tue,27.44
SHP00786,141.25,2.33,5,Cloudy,0.5,Express,1,10,1.43,Sat,20.36
SHP00787,59.7,4.92,5,Cloudy,0.747,Standard,5,3,4.33,Mon,27.23
SHP00788,77.59,1.08,1,Rain,0.69,Standard,3,1,0.84,Mon,13.59
SHP00789,117.18,1.74,1,Clear,0.355,Standard,4,6,3.53,Tue,14.42
SHP00790,31.06,1.55,2,Rain,0.89,Standard,6,10,0.67,Mon,21.66
SHP00791,45.6,2.67,2,Cloudy,0.808,Standard,2,2,1.3,Sat,17.24
SHP00792,42.38,8.98,3,Cloudy,0.78,Standard,4,8,1.32,Sun,23.31
SHP00793,148.5,3.36,3,Cloudy,0.395,Standard,2,6,4.06,Fri,23.43
SHP00794,220.03,2.4,3,Clear,0.585,Standard,7,7,5.28,Wed,37.31
SHP00795,166.72,0.44,1,Storm,0.958,Express,7,8,1.69,Tue,26.44
SHP00796,197.18,4.6,3,Clear,0.911,Standard,1,7,0.72,Mon,25.49
SHP00797,55.65,5.77,1,Clear,0.536,Standard,3,6,1.48,Mon,10.71
SHP00798,80.28,1.01,5,Rain,0.452,Standard,6,8,1.58,Sat,24.56
SHP00799,84.95,3.17,4,Cloudy,0.642,Standard,5,10,1.44,Mon,25.16
SHP00800,140.88,3.8,5,Rain,0.581,Standard,8,0,1.98,Mon,30.04
SHP00801,61.5,6.52,1,Clear,0.793,Standard,8,10,1.1,Fri,20.74
SHP00802,189.36,2.0,1,Clear,0.978,Standard,5,3,0.76,Sun,20.13
SHP00803,265.68,1.8,4,Rain,0.586,Standard,3,3,0.5,Tue,28.74
SHP00804,145.75,2.41,2,Clear,0.39,Standard,1,4,3.94,Tue,19.32
SHP00805,77.61,8.16,2,Rain,0.933,Express,1,7,2.5,Sat,16.03
SHP00806,51.64,6.89,2,Clear,0.375,Express,7,9,3.31,Fri,20.53
SHP00807,42.47,3.27,3,Rain,0.969,Standard,4,0,3.0,Fri,17.69
SHP00808,14.46,6.78,2,Clear,0.782,Standard,1,5,2.08,Fri,15.27
SHP00809,86.92,0.63,3,Cloudy,0.962,Standard,4,8,1.97,Tue,27.02
SHP00810,83.24,5.78,3,Rain,0.48,Standard,2,9,6.83,Sun,27.42
SHP00811,181.85,1.52,2,Clear,0.376,Standard,3,7,1.46,Thu,21.8
SHP00812,64.79,11.44,2,Cloudy,0.667,Express,2,1,2.25,Sat,13.61
SHP00813,90.61,1.58,4,Rain,0.643,Standard,8,6,1.57,Sat,32.2
SHP00814,125.4,1.83,4,Cloudy,0.565,Standard,2,4,0.95,Wed,24.19
SHP00815,144.16,4.92,3,Rain,0.972,Express,2,1,8.79,Fri,27.32
SHP00816,168.38,5.27,4,Clear,0.885,Express,2,10,3.2,Fri,24.71
SHP00817,116.88,2.43,3,Clear,0.78,Standard,5,0,1.28,Tue,24.59
SHP00818,32.8,4.31,1,Clear,0.456,Standard,1,1,1.06,Sun,15.06
SHP00819,135.72,4.7,3,Clear,0.827,Standard,3,10,3.52,Sat,22.34
SHP00820,61.09,4.37,3,Clear,0.823,Standard,8,9,4.56,Tue,23.09
SHP00821,226.66,2.5,4,Cloudy,0.626,Standard,8,5,0.83,Sun,30.21
SHP00822,104.27,4.73,1,Clear,0.951,Standard,3,10,1.91,Wed,12.6
SHP00823,121.84,8.89,5,Clear,0.459,Express,8,7,2.24,Mon,26.99
SHP00824,448.52,1.41,5,Clear,0.524,Standard,8,2,2.25,Tue,44.84
SHP00825,170.32,1.84,5,Rain,0.391,Express,6,4,2.59,Sun,23.9
SHP00826,134.05,3.38,1,Cloudy,0.867,Express,2,10,1.77,Sun,18.2
SHP00827,92.61,1.59,2,Clear,0.754,Standard,8,1,2.03,Wed,19.38
SHP00828,35.41,0.94,1,Rain,0.555,Standard,3,7,2.12,Sun,20.09
SHP00829,87.75,7.14,4,Clear,0.456,Standard,7,3,0.79,Tue,20.28
SHP00830,51.1,0.7,3,Storm,0.376,Standard,4,10,6.72,Tue,30.34
SHP00831,286.22,2.51,3,Cloudy,0.458,Express,3,9,3.67,Tue,26.17
SHP00832,135.27,5.65,4,Clear,0.645,Standard,7,5,4.4,Thu,30.84
SHP00833,221.39,4.0,4,Cloudy,0.511,Standard,2,2,2.67,Sun,27.57
SHP00834,63.32,2.53,3,Cloudy,0.518,Express,3,10,8.96,Thu,23.17
SHP00835,54.26,1.54,2,Clear,0.919,Standard,1,7,0.5,Fri,13.11
SHP00836,159.49,4.22,2,Rain,0.685,Standard,2,7,2.31,Thu,23.57
SHP00837,49.37,1.66,2,Clear,0.824,Standard,5,2,1.03,Wed,15.09
SHP00838,73.18,4.0,4,Clear,0.373,Standard,8,8,2.44,Tue,21.65
SHP00839,294.79,3.66,3,Clear,0.587,Express,7,9,5.84,Thu,37.81
SHP00840,75.47,3.69,3,Clear,0.661,Express,1,4,3.47,Sat,19.3
SHP00841,28.71,2.12,3,Clear,0.471,Standard,3,9,2.13,Tue,18.04
SHP00842,19.05,13.8,1,Rain,0.428,Standard,5,8,6.25,Mon,20.55
SHP00843,25.4,4.27,1,Clear,0.916,Standard,6,6,4.12,Fri,19.33
SHP00844,229.77,2.73,5,Clear,0.961,Standard,8,9,3.22,Thu,35.34
SHP00845,66.53,3.99,1,Clear,0.401,Standard,1,2,3.16,Sat,15.03
SHP00846,439.84,1.93,2,Rain,0.577,Standard,6,5,3.95,Sun,41.21
SHP00847,267.61,2.53,2,Storm,0.973,Standard,4,9,1.37,Sat,32.95
SHP00848,339.23,17.71,2,Cloudy,0.404,Express,1,1,1.23,Tue,22.72
SHP00849,200.45,1.94,2,Storm,0.768,Standard,5,5,0.94,Mon,30.36
SHP00850,153.94,3.14,5,Rain,0.982,Standard,6,4,1.42,Fri,31.53
SHP00851,52.64,2.41,2,Storm,0.986,Standard,4,2,5.99,Fri,22.64
SHP00852,102.41,1.6,4,Cloudy,0.656,Express,8,6,1.91,Mon,18.52
SHP00853,164.39,4.46,4,Clear,0.456,Standard,6,10,6.07,Thu,31.42
SHP00854,192.48,3.41,4,Clear,0.481,Express,3,3,1.34,Thu,19.49
SHP00855,38.55,6.28,1,Cloudy,0.928,Standard,2,10,4.69,Tue,19.73
SHP00856,88.79,5.86,3,Clear,0.943,Standard,8,5,5.3,Wed,25.69
SHP00857,96.58,6.24,5,Clear,0.745,Standard,6,8,2.48,Tue,27.37
SHP00858,93.79,1.75,4,Cloudy,0.848,Standard,3,5,1.89,Tue,21.3
SHP00859,43.33,5.2,4,Rain,0.831,Standard,2,3,1.15,Sun,25.44
SHP00860,314.52,5.29,2,Clear,0.78,Express,2,9,4.31,Tue,31.41
SHP00861,86.57,1.62,4,Cloudy,0.888,Standard,5,1,1.84,Sun,27.44
SHP00862,46.13,2.66,2,Cloudy,0.796,Standard,7,8,1.66,Mon,20.75
SHP00863,319.38,1.2,2,Storm,0.697,Standard,4,3,2.89,Fri,36.44
SHP00864,267.78,5.31,3,Rain,0.504,Standard,7,3,3.48,Fri,33.94
SHP00865,113.62,5.29,1,Cloudy,0.834,Standard,8,1,1.1,Wed,24.78
SHP00866,71.48,9.04,2,Clear,0.658,Standard,4,4,2.88,Thu,18.77
SHP00867,23.41,2.83,2,Clear,0.542,Standard,1,5,5.31,Tue,11.9
SHP00868,146.3,4.55,3,Clear,0.871,Express,3,9,0.93,Mon,15.82
SHP00869,67.61,6.63,2,Cloudy,0.803,Standard,5,5,4.37,Mon,27.6
SHP00870,100.61,1.96,5,Rain,0.959,Express,6,2,4.35,Tue,29.85
SHP00871,301.72,1.76,1,Rain,0.458,Standard,3,8,4.61,Mon,31.46
SHP00872,63.74,2.0,5,Clear,0.772,Express,6,6,3.58,Mon,28.92
SHP00873,142.07,2.6,4,Cloudy,0.509,Standard,7,2,3.45,Sun,23.03
SHP00874,171.66,1.81,1,Clear,0.937,Standard,8,3,4.27,Tue,25.55
SHP00875,225.22,2.06,4,Clear,0.415,Standard,6,6,2.88,Wed,28.17
SHP00876,95.32,6.15,2,Clear,0.777,Standard,7,10,1.56,Mon,25.0
SHP00877,88.11,3.1,3,Clear,0.864,Express,7,7,1.53,Fri,20.05
SHP00878,86.57,4.12,5,Rain,0.581,Standard,6,5,2.08,Sat,24.26
SHP00879,132.82,2.26,4,Clear,0.97,Express,1,3,3.75,Fri,19.86
SHP00880,260.64,2.16,2,Clear,0.903,Standard,7,1,2.12,Sun,32.74
SHP00881,83.61,4.05,5,Storm,0.542,Standard,1,9,1.87,Sun,23.45
SHP00882,7.0,3.63,5,Clear,0.355,Express,5,7,4.58,Sat,19.56
SHP00883,184.46,5.72,4,Clear,0.543,Standard,1,0,2.53,Sat,26.26
SHP00884,107.78,8.26,2,Clear,0.533,Express,5,8,0.68,Fri,15.98
SHP00885,146.52,2.05,3,Clear,0.928,Standard,1,7,0.94,Tue,16.05
SHP00886,24.32,6.07,4,Clear,0.979,Express,4,2,0.84,Sat,13.93
SHP00887,67.82,1.56,5,Clear,0.396,Standard,5,9,2.16,Fri,23.22
SHP00888,174.66,14.18,5,Cloudy,0.656,Standard,4,3,0.97,Thu,29.16
SHP00889,34.31,1.91,1,Clear,0.706,Standard,7,9,1.89,Mon,17.23
SHP00890,141.86,5.38,2,Clear,0.41,Standard,4,3,1.46,Sun,20.7
SHP00891,100.01,1.55,1,Rain,0.595,Express,8,1,0.56,Wed,12.66
SHP00892,56.77,2.98,3,Clear,0.556,Express,5,10,0.92,Sat,13.34
SHP00893,53.02,9.8,4,Rain,0.698,Standard,3,9,6.23,Fri,34.19
SHP00894,43.69,1.87,5,Clear,0.78,Standard,7,4,1.7,Tue,27.09
SHP00895,107.37,15.53,2,Clear,0.807,Standard,7,2,1.61,Sun,25.55
SHP00896,116.5,3.31,5,Cloudy,0.439,Standard,2,10,1.55,Sat,22.24
SHP00897,77.48,6.57,1,Clear,0.878,Standard,8,0,2.65,Wed,19.66
SHP00898,41.34,4.4,1,Clear,0.791,Standard,1,1,2.22,Sun,13.25
SHP00899,139.09,4.57,4,Cloudy,0.928,Standard,6,10,7.16,Tue,37.09
SHP00900,186.67,1.22,2,Clear,0.642,Standard,1,6,4.77,Wed,24.01
SHP00901,156.57,2.38,2,Rain,0.931,Standard,6,0,7.01,Wed,31.47
SHP00902,347.87,7.67,4,Rain,0.913,Standard,3,1,3.71,Mon,37.68
SHP00903,89.53,2.61,1,Clear,0.635,Express,2,9,3.4,Sat,18.38
SHP00904,244.51,3.66,1,Cloudy,0.598,Standard,3,6,0.89,Sat,24.22
SHP00905,61.37,1.12,1,Clear,0.956,Standard,2,0,0.67,Sat,14.37
SHP00906,53.56,2.28,5,Storm,0.815,Standard,5,6,0.59,Wed,23.72
SHP00907,112.16,7.29,3,Rain,0.953,Standard,5,7,1.96,Thu,25.53
SHP00908,279.54,1.35,1,Rain,0.868,Standard,6,10,4.16,Thu,29.21
SHP00909,82.26,5.48,3,Clear,0.746,Standard,4,1,1.32,Sun,19.64
SHP00910,24.31,3.76,3,Rain,0.425,Standard,4,3,1.07,Thu,16.84
SHP00911,184.35,2.81,2,Clear,0.539,Standard,6,6,3.93,Sun,19.42
SHP00912,96.93,2.73,4,Clear,0.98,Express,8,0,1.08,Tue,22.32
SHP00913,126.79,2.35,5,Rain,0.558,Standard,5,5,6.0,Mon,28.58
SHP00914,55.9,2.51,3,Clear,0.411,Express,8,4,0.96,Tue,18.42
SHP00915,111.42,6.37,5,Storm,0.81,Standard,6,10,4.14,Sat,36.95
SHP00916,28.08,2.45,2,Clear,0.827,Standard,4,5,2.7,Sat,17.05
SHP00917,317.57,11.77,1,Rain,0.536,Standard,6,7,0.5,Fri,31.87
SHP00918,207.09,4.09,3,Clear,0.543,Standard,5,10,1.16,Sat,28.4
SHP00919,107.85,2.22,4,Clear,0.655,Standard,3,10,4.31,Thu,24.11
SHP00920,181.0,6.56,2,Clear,0.364,Standard,1,0,0.58,Mon,22.08
SHP00921,61.5,5.14,5,Cloudy,0.863,Standard,5,2,1.63,Thu,21.85
SHP00922,201.14,1.04,1,Clear,0.556,Standard,6,10,0.61,Mon,26.68
SHP00923,79.51,1.61,5,Cloudy,0.905,Standard,5,8,1.97,Tue,25.08
SHP00924,75.22,3.06,4,Clear,0.872,Standard,5,7,2.91,Sat,22.96
SHP00925,46.32,1.1,3,Clear,0.78,Standard,4,3,2.4,Tue,17.59
SHP00926,137.9,14.34,4,Clear,0.561,Standard,6,10,2.56,Thu,24.51
SHP00927,104.5,5.9,5,Clear,0.686,Express,4,9,2.4,Wed,25.58
SHP00928,249.55,3.29,5,Rain,0.639,Standard,6,8,1.83,Mon,30.46
SHP00929,41.74,2.61,4,Rain,0.57,Standard,4,6,3.83,Sat,27.96
SHP00930,138.33,2.18,4,Clear,0.901,Standard,4,1,0.56,Fri,21.29
SHP00931,220.24,0.84,4,Cloudy,0.664,Standard,3,0,5.78,Sun,33.1
SHP00932,117.98,0.99,1,Cloudy,0.891,Express,5,0,2.48,Wed,17.68
SHP00933,78.35,12.56,5,Clear,0.418,Standard,8,2,0.64,Tue,24.82
SHP00934,115.85,9.99,2,Clear,0.442,Standard,3,9,5.27,Mon,21.54
SHP00935,236.91,2.22,1,Clear,0.985,Express,8,1,1.87,Wed,25.87
SHP00936,236.85,6.27,1,Clear,0.732,Standard,4,3,1.43,Sun,24.13
SHP00937,94.05,4.73,1,Clear,0.681,Standard,3,7,0.66,Fri,12.18
SHP00938,234.22,5.14,2,Clear,0.69,Standard,7,4,1.3,Wed,23.76
SHP00939,100.96,1.22,4,Cloudy,0.49,Standard,7,4,3.96,Fri,25.14
SHP00940,179.68,0.94,5,Clear,0.817,Standard,5,5,1.02,Tue,25.69
SHP00941,149.47,7.6,3,Clear,0.405,Standard,5,4,4.02,Mon,28.94
SHP00942,75.95,0.83,3,Clear,0.723,Express,4,4,1.64,Tue,16.99
SHP00943,47.78,2.99,5,Clear,0.721,Standard,5,6,0.9,Mon,20.29
SHP00944,223.98,2.57,2,Clear,0.944,Standard,3,5,1.36,Wed,22.79
SHP00945,264.67,2.41,3,Rain,0.692,Standard,2,9,3.05,Tue,28.55
SHP00946,136.09,4.14,1,Clear,0.439,Express,5,10,2.55,Mon,17.81
SHP00947,100.86,2.07,3,Cloudy,0.722,Standard,3,1,6.22,Sat,22.31
SHP00948,37.11,4.38,5,Clear,0.409,Standard,7,0,1.71,Fri,19.82
SHP00949,220.27,3.66,1,Cloudy,0.482,Standard,7,0,4.1,Mon,28.76
SHP00950,125.46,14.43,3,Cloudy,0.37,Standard,3,3,1.96,Sat,22.71
SHP00951,84.41,1.26,5,Clear,0.684,Standard,8,1,1.11,Tue,24.2
SHP00952,183.04,3.39,2,Rain,0.405,Express,7,5,0.76,Tue,22.14
SHP00953,31.1,4.49,5,Clear,0.655,Standard,3,8,1.73,Wed,20.06
SHP00954,44.35,2.77,2,Rain,0.956,Standard,8,9,2.15,Fri,23.63
SHP00955,59.7,1.3,1,Clear,0.818,Express,5,10,5.16,Mon,20.79
SHP00956,146.33,8.0,5,Storm,0.4,Standard,2,9,6.17,Tue,33.81
SHP00957,116.76,4.2,4,Rain,0.496,Standard,4,7,6.16,Mon,24.95
SHP00958,158.13,1.37,4,Storm,0.788,Standard,4,3,1.21,Thu,27.81
SHP00959,210.67,4.51,4,Clear,0.932,Standard,5,1,1.01,Fri,24.57
SHP00960,161.95,10.93,4,Clear,0.371,Standard,5,0,1.31,Fri,26.49
SHP00961,321.83,3.24,4,Cloudy,0.878,Express,7,6,1.92,Sat,37.48
SHP00962,210.35,3.31,2,Rain,0.715,Standard,1,9,0.5,Thu,21.03
SHP00963,93.88,9.95,5,Storm,0.705,Standard,6,2,0.95,Fri,29.27
SHP00964,67.46,1.68,1,Clear,0.973,Standard,8,5,4.92,Thu,17.06
SHP00965,96.01,11.13,4,Rain,0.836,Standard,2,4,2.66,Mon,28.22
SHP00966,165.74,6.56,4,Clear,0.903,Standard,3,4,1.39,Sun,27.89
SHP00967,73.3,1.74,1,Clear,0.58,Standard,6,1,0.5,Thu,17.98
SHP00968,168.79,2.08,1,Clear,0.71,Standard,3,8,2.62,Wed,24.63
SHP00969,156.2,2.3,4,Clear,0.75,Standard,6,10,2.25,Sat,25.38
SHP00970,47.2,0.92,2,Rain,0.559,Standard,4,3,0.95,Thu,18.61
SHP00971,207.8,3.98,1,Clear,0.721,Express,6,9,3.55,Mon,28.97
SHP00972,132.81,1.79,5,Cloudy,0.504,Standard,5,0,1.45,Fri,21.12
SHP00973,312.0,4.09,5,Cloudy,0.443,Standard,2,1,2.43,Wed,30.65
SHP00974,101.21,1.34,2,Clear,0.593,Standard,4,8,6.12,Thu,21.88
SHP00975,81.53,6.34,3,Clear,0.831,Express,7,6,3.41,Sat,26.34
SHP00976,42.1,5.56,2,Cloudy,0.946,Standard,6,9,0.66,Sat,13.7
SHP00977,41.52,2.03,4,Clear,0.648,Standard,2,1,3.42,Mon,24.61
SHP00978,191.91,4.27,3,Rain,0.768,Standard,5,6,1.25,Wed,26.77
SHP00979,292.32,3.52,4,Storm,0.417,Standard,7,3,3.07,Wed,39.1
SHP00980,95.02,9.37,5,Clear,0.938,Express,3,9,4.07,Wed,25.4
SHP00981,90.5,1.61,1,Clear,0.72,Standard,7,1,2.43,Thu,20.28
SHP00982,108.02,2.98,4,Clear,0.857,Standard,8,3,0.71,Mon,19.27
SHP00983,217.06,2.12,5,Cloudy,0.866,Standard,8,4,0.5,Mon,31.68
SHP00984,47.56,3.43,2,Clear,0.517,Standard,1,3,4.66,Mon,19.07
SHP00985,121.64,4.82,4,Clear,0.694,Standard,2,2,5.64,Sun,26.67
SHP00986,194.77,2.1,5,Clear,0.974,Standard,8,5,1.19,Tue,27.25
SHP00987,145.11,2.57,1,Storm,0.408,Standard,3,0,0.5,Fri,19.9
SHP00988,5.0,6.53,4,Clear,0.794,Standard,2,7,0.59,Mon,14.92
SHP00989,162.49,8.59,5,Clear,0.975,Standard,2,4,1.5,Tue,24.28
SHP00990,146.07,4.69,4,Storm,0.545,Standard,2,7,4.05,Tue,24.51
SHP00991,244.35,3.01,1,Cloudy,0.91,Standard,5,9,0.5,Wed,26.74
SHP00992,277.73,2.82,4,Cloudy,0.957,Standard,8,3,5.07,Fri,41.96
SHP00993,236.56,4.87,4,Cloudy,0.836,Standard,4,3,4.68,Wed,38.07
SHP00994,108.44,3.89,5,Storm,0.5,Standard,2,4,5.01,Fri,25.73
SHP00995,23.21,1.05,3,Cloudy,0.567,Express,5,4,0.88,Sun,17.09
SHP00996,90.01,4.96,4,Rain,0.373,Standard,1,10,4.29,Wed,25.28
SHP00997,105.98,1.82,3,Cloudy,0.89,Express,8,5,2.21,Sat,23.08
SHP00998,289.98,1.23,2,Cloudy,0.902,Standard,4,4,0.83,Thu,24.97
SHP00999,56.37,1.03,4,Clear,0.761,Standard,5,4,2.41,Fri,19.39
SHP01000,31.99,2.85,3,Clear,0.579,Standard,7,7,2.16,Sat,19.46
SHP01001,73.67,1.63,2,Rain,0.4,Standard,1,5,0.59,Tue,14.86
SHP01002,58.93,0.65,5,Clear,0.839,Standard,7,1,3.31,Tue,29.45
SHP01003,29.1,2.58,4,Cloudy,0.822,Express,4,3,2.08,Fri,22.05
SHP01004,96.55,2.36,5,Clear,0.943,Express,5,3,1.59,Wed,18.41
SHP01005,108.99,2.99,2,Rain,0.825,Standard,1,4,1.54,Sun,17.37
SHP01006,27.47,2.14,5,Clear,0.889,Standard,5,5,2.74,Thu,26.82
SHP01007,81.14,11.95,5,Rain,0.835,Express,1,10,1.45,Thu,20.71
SHP01008,55.88,4.77,1,Cloudy,0.76,Express,2,4,0.5,Mon,11.83
SHP01009,111.56,2.34,2,Clear,0.628,Standard,2,10,0.79,Fri,13.25
SHP01010,119.53,3.18,5,Clear,0.936,Standard,8,5,2.1,Thu,32.52
SHP01011,55.89,8.94,3,Clear,0.773,Standard,4,7,1.38,Wed,13.93
SHP01012,206.61,6.49,2,Clear,0.609,Standard,1,3,1.57,Wed,15.99
SHP01013,104.28,1.25,1,Clear,0.404,Standard,2,10,0.91,Tue,16.92
SHP01014,58.1,1.68,4,Clear,0.539,Standard,4,2,0.92,Thu,23.41
SHP01015,25.76,1.92,5,Storm,0.703,Standard,3,8,3.08,Thu,24.63
SHP01016,124.08,2.44,3,Clear,0.529,Standard,2,2,2.38,Wed,18.97
SHP01017,145.84,2.19,1,Cloudy,0.494,Standard,2,10,1.04,Tue,19.58
SHP01018,70.48,3.4,2,Clear,0.693,Express,6,7,1.53,Thu,17.83
SHP01019,114.1,5.56,5,Cloudy,0.46,Express,5,9,3.65,Sun,24.9
SHP01020,277.72,6.25,1,Clear,0.87,Standard,3,4,0.76,Sun,23.65
SHP01021,185.88,2.64,1,Cloudy,0.665,Standard,1,8,3.99,Wed,17.06
SHP01022,11.0,1.06,3,Cloudy,0.723,Standard,4,2,1.86,Tue,17.15
SHP01023,57.55,1.6,4,Cloudy,0.446,Standard,3,9,1.55,Tue,18.7
SHP01024,93.12,2.31,4,Clear,0.561,Standard,1,9,0.62,Wed,16.87
SHP01025,108.55,1.39,4,Cloudy,0.617,Standard,2,7,9.95,Tue,26.63
SHP01026,115.87,7.38,2,Clear,0.875,Standard,7,6,2.88,Sat,23.09
SHP01027,139.59,1.45,1,Clear,0.851,Standard,6,6,0.5,Sat,22.74
SHP01028,95.44,5.11,2,Clear,0.495,Standard,8,10,2.48,Tue,24.73
SHP01029,104.09,1.02,1,Clear,0.751,Express,7,9,4.63,Mon,20.88
SHP01030,192.24,5.26,3,Clear,0.508,Standard,8,8,2.61,Tue,27.02
SHP01031,125.79,3.01,3,Cloudy,0.992,Standard,4,7,3.71,Sun,24.06
SHP01032,38.47,9.57,2,Clear,0.969,Standard,4,2,1.33,Thu,19.88
SHP01033,111.04,1.5,2,Clear,0.716,Standard,3,5,1.19,Tue,17.93
SHP01034,93.31,2.24,3,Clear,0.804,Standard,8,10,1.67,Thu,25.29
SHP01035,16.25,2.56,5,Cloudy,0.871,Standard,5,5,2.19,Wed,23.39
SHP01036,115.15,2.98,4,Cloudy,0.819,Standard,1,4,1.36,Tue,20.28
SHP01037,43.19,2.61,4,Clear,0.805,Express,8,2,1.83,Wed,17.24
SHP01038,194.1,2.64,3,Cloudy,0.973,Standard,6,8,0.8,Fri,25.63
SHP01039,138.23,2.61,4,Clear,0.738,Standard,8,6,0.5,Sun,29.68
SHP01040,36.56,0.78,5,Clear,0.764,Standard,8,3,1.06,Sat,22.23
SHP01041,188.38,6.65,5,Clear,0.902,Standard,6,5,6.73,Tue,34.62
SHP01042,246.88,24.6,1,Cloudy,0.785,Standard,7,4,4.88,Wed,29.04
SHP01043,85.0,4.09,2,Cloudy,0.826,Express,3,0,2.52,Fri,14.12
SHP01044,92.9,1.5,4,Clear,0.502,Standard,8,1,0.53,Thu,19.7
SHP01045,176.44,1.61,5,Clear,0.591,Standard,5,0,1.95,Thu,31.52
SHP01046,235.18,5.1,2,Clear,0.446,Express,5,8,2.33,Sat,26.65
SHP01047,21.56,4.35,2,Cloudy,0.679,Standard,5,8,1.29,Sat,16.25
SHP01048,40.57,2.72,1,Rain,0.646,Standard,4,4,5.09,Sun,22.7
SHP01049,74.79,5.63,2,Clear,0.998,Standard,1,7,0.76,Sun,16.67
SHP01050,81.22,0.78,2,Clear,0.747,Standard,1,9,3.09,Thu,21.37
SHP01051,173.1,5.63,3,Cloudy,0.861,Standard,7,3,0.74,Thu,32.51
SHP01052,235.96,3.92,1,Rain,0.567,Standard,8,0,0.84,Thu,28.64
SHP01053,247.31,1.65,1,Rain,0.891,Standard,3,3,1.95,Mon,26.5
SHP01054,21.01,1.22,4,Cloudy,0.75,Standard,2,6,0.5,Sun,19.1
SHP01055,53.24,3.61,2,Rain,0.803,Standard,3,10,2.41,Sat,20.95
SHP01056,64.27,8.89,4,Clear,0.541,Standard,8,1,1.42,Wed,17.19
SHP01057,53.06,2.83,5,Clear,0.707,Standard,1,1,1.84,Fri,18.07
SHP01058,137.94,1.83,2,Clear,0.762,Express,8,5,1.16,Fri,19.28
SHP01059,149.43,3.8,5,Cloudy,0.733,Standard,7,8,4.99,Tue,30.89
SHP01060,103.15,11.88,3,Clear,0.945,Express,4,2,3.89,Wed,27.41
SHP01061,96.17,4.49,2,Clear,0.934,Standard,8,6,3.07,Sat,28.75
SHP01062,77.3,4.84,4,Clear,0.981,Standard,3,9,0.88,Mon,23.78
SHP01063,84.42,7.81,4,Clear,0.784,Standard,7,8,3.34,Mon,29.82
SHP01064,275.74,4.62,2,Rain,0.982,Express,2,10,2.64,Wed,22.71
SHP01065,164.45,1.92,4,Clear,0.891,Standard,6,8,9.07,Thu,37.19
SHP01066,79.57,0.98,2,Clear,0.526,Express,3,10,0.52,Thu,16.13
SHP01067,94.81,1.74,1,Rain,0.628,Express,8,3,1.74,Wed,12.33
SHP01068,140.12,1.53,4,Clear,0.505,Standard,7,1,1.18,Sat,27.23
SHP01069,36.55,5.27,2,Cloudy,0.353,Standard,5,0,2.71,Fri,12.81
SHP01070,113.79,5.81,2,Rain,0.472,Standard,2,5,0.5,Thu,12.11
SHP01071,158.46,3.75,4,Rain,0.353,Standard,5,4,3.51,Tue,31.02
SHP01072,145.09,1.37,1,Rain,0.818,Standard,4,5,0.5,Sat,18.41
SHP01073,54.12,11.6,4,Clear,0.627,Express,1,6,2.74,Sat,16.84
SHP01074,62.72,2.48,2,Cloudy,0.553,Standard,3,8,1.54,Mon,19.85
SHP01075,14.2,5.07,1,Clear,0.845,Standard,7,9,0.98,Sun,15.99
SHP01076,169.75,3.44,5,Clear,0.891,Standard,3,9,0.75,Thu,26.35
SHP01077,350.69,3.84,3,Clear,0.984,Express,5,10,1.16,Fri,32.51
SHP01078,47.92,4.94,4,Clear,0.767,Standard,5,5,1.59,Sat,23.15
SHP01079,209.61,2.04,2,Rain,0.65,Express,1,5,2.05,Thu,20.54
SHP01080,331.33,8.28,1,Clear,0.548,Express,7,2,2.25,Thu,27.97
SHP01081,71.52,1.1,1,Cloudy,0.495,Standard,3,7,1.76,Mon,13.97
SHP01082,94.91,1.6,5,Clear,0.488,Standard,7,8,1.5,Tue,25.84
SHP01083,122.94,8.2,4,Clear,0.616,Standard,1,0,5.96,Sat,26.69
SHP01084,141.97,5.02,1,Storm,0.995,Standard,5,5,3.35,Sun,32.93
SHP01085,127.6,19.65,5,Clear,0.351,Standard,8,6,1.29,Tue,26.98
SHP01086,75.96,3.48,2,Cloudy,0.478,Standard,6,10,1.9,Fri,19.91
SHP01087,156.82,10.92,5,Clear,0.472,Standard,7,7,1.01,Sun,29.3
SHP01088,77.32,0.9,4,Clear,0.816,Standard,5,9,1.59,Wed,25.16
SHP01089,133.69,1.23,5,Clear,0.579,Standard,2,10,0.59,Wed,19.39
SHP01090,100.48,6.21,1,Rain,0.647,Standard,5,7,2.18,Sun,21.37
SHP01091,18.76,0.98,1,Clear,0.447,Standard,5,6,7.33,Wed,11.15
SHP01092,229.68,2.89,3,Clear,0.613,Express,7,7,2.28,Fri,27.06
SHP01093,64.1,7.52,5,Clear,0.417,Standard,6,10,2.27,Sat,28.34
SHP01094,244.45,4.72,2,Cloudy,0.696,Standard,1,8,1.76,Thu,22.12
SHP01095,204.23,3.35,4,Cloudy,0.414,Express,2,9,0.72,Tue,22.52
SHP01096,120.37,2.42,3,Cloudy,0.864,Express,2,6,6.35,Tue,22.4
SHP01097,147.02,3.82,5,Clear,0.718,Standard,3,2,2.45,Thu,23.26
SHP01098,159.18,4.97,2,Rain,0.821,Standard,6,8,3.06,Sat,31.25
SHP01099,88.54,2.09,3,Cloudy,0.622,Standard,8,0,1.5,Sun,19.61
SHP01100,91.71,4.31,1,Rain,0.598,Standard,4,7,3.13,Tue,20.64
SHP01101,154.04,7.06,4,Rain,0.414,Express,3,5,6.33,Sat,29.34
SHP01102,101.27,2.84,5,Cloudy,0.691,Standard,3,10,4.96,Sun,25.77
SHP01103,76.15,3.48,2,Clear,0.684,Express,8,2,0.5,Sun,18.0
SHP01104,54.85,4.66,1,Rain,0.654,Standard,3,8,4.75,Sun,17.48
SHP01105,136.39,4.88,3,Rain,0.831,Standard,2,5,0.88,Tue,23.87
SHP01106,62.41,6.14,4,Clear,0.891,Standard,1,6,0.93,Wed,15.0
SHP01107,182.06,1.63,3,Clear,0.838,Standard,7,10,0.85,Wed,25.63
SHP01108,192.23,2.29,3,Storm,0.444,Standard,8,1,2.76,Mon,30.74
SHP01109,146.25,2.35,2,Clear,0.754,Standard,5,0,2.25,Mon,25.45
SHP01110,167.36,1.76,1,Rain,0.402,Standard,2,0,3.24,Tue,19.89
SHP01111,146.54,0.94,5,Clear,0.802,Express,5,2,2.06,Wed,27.3
SHP01112,175.32,0.34,2,Clear,0.598,Standard,8,10,0.88,Sat,26.95
SHP01113,170.42,7.67,4,Clear,0.436,Standard,5,2,3.44,Mon,28.9
SHP01114,131.41,1.12,3,Clear,0.91,Standard,4,7,1.61,Mon,22.73
SHP01115,205.91,9.94,4,Clear,0.749,Express,7,6,3.51,Wed,32.82
SHP01116,90.89,5.57,2,Clear,0.581,Express,3,9,2.48,Sat,16.84
SHP01117,56.25,2.5,2,Cloudy,0.37,Standard,4,7,2.2,Mon,12.29
SHP01118,53.89,5.11,5,Storm,0.699,Express,3,0,7.12,Thu,27.31
SHP01119,81.22,4.47,3,Clear,0.95,Standard,2,3,0.5,Sun,19.86
SHP01120,15.99,1.54,2,Clear,0.738,Express,5,7,0.5,Sat,9.49
SHP01121,119.54,3.29,4,Clear,0.982,Standard,4,9,1.17,Thu,22.02
SHP01122,160.6,1.67,5,Clear,0.439,Standard,8,1,3.54,Wed,25.66
SHP01123,190.46,5.25,4,Clear,0.719,Standard,8,6,1.32,Wed,31.32
SHP01124,23.05,2.01,3,Clear,0.869,Standard,6,7,1.65,Mon,24.91
SHP01125,55.36,3.1,5,Clear,0.692,Standard,2,8,0.5,Tue,18.93
SHP01126,178.46,3.01,5,Clear,0.409,Express,2,6,3.43,Fri,26.66
SHP01127,88.78,3.62,5,Clear,0.729,Standard,8,8,0.5,Thu,27.19
SHP01128,158.2,10.63,1,Cloudy,0.748,Standard,6,1,1.5,Thu,26.34
SHP01129,34.86,2.8,5,Clear,0.824,Express,3,10,0.5,Sat,17.65
SHP01130,242.61,7.79,4,Rain,0.845,Standard,5,0,3.98,Sat,34.49
SHP01131,32.38,4.65,4,Rain,0.851,Standard,3,0,0.5,Wed,17.97
SHP01132,117.11,8.96,3,Storm,0.781,Standard,3,10,1.42,Sun,26.83
SHP01133,119.24,2.62,2,Rain,0.49,Standard,2,3,1.19,Tue,24.98
SHP01134,69.98,5.4,2,Clear,0.613,Express,8,0,3.08,Wed,18.73
SHP01135,142.78,3.19,1,Clear,0.854,Express,3,6,2.3,Mon,16.13
SHP01136,145.53,0.41,5,Clear,0.97,Standard,1,7,6.85,Tue,26.87
SHP01137,135.07,1.55,1,Rain,0.401,Standard,6,2,0.52,Mon,22.9
SHP01138,68.97,4.99,3,Rain,0.698,Express,7,0,4.74,Thu,21.18
SHP01139,58.81,4.77,3,Rain,0.553,Express,6,2,5.43,Wed,24.27
SHP01140,74.88,1.34,2,Clear,0.497,Standard,5,1,6.68,Sat,20.79
SHP01141,52.44,3.87,3,Cloudy,0.679,Standard,6,5,2.06,Wed,16.88
SHP01142,212.05,4.72,5,Clear,0.744,Standard,8,10,0.63,Fri,34.55
SHP01143,79.95,3.24,4,Clear,0.356,Standard,3,6,2.85,Tue,18.3
SHP01144,114.78,5.53,3,Cloudy,0.857,Standard,3,8,0.5,Sun,22.96
SHP01145,177.99,5.03,1,Clear,0.883,Express,4,4,4.37,Thu,23.6
SHP01146,50.32,3.24,5,Storm,0.978,Standard,5,3,1.88,Fri,30.05
SHP01147,31.11,2.32,3,Clear,0.467,Express,5,0,2.62,Fri,15.13
SHP01148,52.59,6.89,3,Rain,0.736,Standard,6,10,6.67,Wed,29.66
SHP01149,123.69,4.59,5,Clear,0.627,Express,3,5,2.28,Tue,19.95
SHP01150,117.91,1.26,3,Rain,0.568,Standard,1,10,0.64,Wed,12.51
SHP01151,134.89,3.88,4,Rain,0.718,Standard,8,7,1.89,Tue,31.15
SHP01152,95.1,1.48,2,Rain,0.859,Standard,8,3,1.22,Fri,24.48
SHP01153,6.82,1.69,5,Clear,0.365,Standard,4,0,2.47,Mon,16.89
SHP01154,92.9,2.1,1,Rain,0.98,Express,1,4,1.47,Thu,11.04
SHP01155,193.64,3.43,3,Clear,0.876,Standard,8,9,1.09,Fri,23.74
SHP01156,226.38,4.32,2,Clear,0.838,Standard,3,4,1.95,Wed,24.54
SHP01157,109.47,2.49,1,Clear,0.844,Express,5,1,0.61,Sun,20.38
SHP01158,118.22,2.57,1,Rain,0.603,Express,5,5,1.81,Sun,18.17
SHP01159,156.24,2.33,4,Clear,0.839,Standard,7,9,2.98,Thu,28.37
SHP01160,222.3,6.91,2,Rain,0.601,Express,8,8,5.65,Fri,32.23
SHP01161,102.71,0.45,5,Cloudy,0.934,Standard,1,5,1.25,Tue,28.69
SHP01162,154.79,2.67,2,Clear,0.465,Standard,7,7,7.64,Sun,31.16
SHP01163,66.6,9.79,2,Rain,0.54,Standard,7,9,2.65,Wed,20.01
SHP01164,35.54,4.77,1,Clear,0.708,Standard,2,2,1.55,Sun,12.94
SHP01165,72.24,8.06,4,Rain,0.557,Standard,8,9,1.7,Fri,27.99
SHP01166,255.06,0.8,4,Clear,0.626,Standard,8,1,2.01,Tue,28.2
SHP01167,156.88,1.39,2,Clear,0.67,Standard,3,3,1.4,Tue,21.7
SHP01168,38.66,4.76,2,Clear,0.907,Express,5,8,1.11,Tue,13.52
SHP01169,161.74,9.83,3,Clear,0.69,Standard,6,8,2.42,Sun,22.99
SHP01170,41.35,1.49,1,Clear,0.586,Express,2,2,0.5,Thu,8.68
SHP01171,133.63,2.53,5,Clear,0.511,Express,5,0,0.95,Wed,21.15
SHP01172,48.71,4.4,5,Clear,0.616,Standard,6,0,3.48,Tue,23.77
SHP01173,36.72,1.2,4,Clear,0.685,Standard,5,3,0.5,Fri,16.98
SHP01174,282.18,4.78,1,Clear,0.835,Standard,2,3,2.74,Tue,23.59
SHP01175,79.9,0.51,4,Rain,0.429,Express,1,10,2.19,Wed,21.3
SHP01176,154.99,4.69,5,Cloudy,0.494,Standard,3,9,1.19,Sat,27.73
SHP01177,105.77,1.65,2,Rain,0.597,Standard,7,5,1.45,Sat,20.61
SHP01178,44.27,2.43,1,Cloudy,0.584,Express,2,4,1.93,Thu,5.48
SHP01179,86.43,5.24,1,Cloudy,0.605,Standard,2,5,2.82,Tue,13.75
SHP01180,44.61,4.54,3,Cloudy,0.866,Standard,7,9,2.64,Fri,24.56
SHP01181,411.61,3.3,2,Clear,0.561,Standard,8,6,4.53,Wed,36.08
SHP01182,173.63,6.54,2,Cloudy,0.676,Express,5,6,2.52,Sun,21.17
SHP01183,104.36,1.01,4,Clear,0.756,Express,8,9,5.12,Tue,25.72
SHP01184,149.51,3.83,1,Rain,0.501,Standard,6,9,0.5,Sun,21.44
SHP01185,166.35,1.91,4,Rain,0.817,Standard,7,8,4.47,Thu,35.01
SHP01186,166.64,6.31,2,Clear,0.706,Express,2,5,1.55,Mon,19.29
SHP01187,161.98,5.37,3,Cloudy,0.64,Standard,8,7,2.32,Sat,28.98
SHP01188,153.87,5.51,1,Clear,0.876,Express,3,1,3.22,Fri,19.06
SHP01189,110.51,10.5,2,Clear,0.508,Standard,7,7,0.79,Sat,20.57
SHP01190,268.6,7.3,3,Clear,0.924,Express,7,8,1.7,Tue,32.83
SHP01191,115.55,2.97,5,Rain,0.715,Standard,1,3,4.79,Tue,29.0
SHP01192,106.54,3.32,2,Cloudy,0.746,Standard,6,4,5.64,Mon,31.59
SHP01193,116.25,5.06,5,Rain,0.919,Standard,8,4,1.18,Wed,31.53
SHP01194,122.11,3.65,4,Clear,0.881,Standard,1,1,3.06,Sun,21.81
SHP01195,23.24,5.44,5,Clear,0.741,Express,8,4,1.42,Sun,19.49
SHP01196,52.15,0.7,2,Cloudy,0.84,Standard,1,8,0.5,Sun,17.75
SHP01197,95.1,12.39,5,Clear,0.632,Express,3,3,5.38,Mon,23.52
SHP01198,22.08,3.47,1,Cloudy,0.706,Standard,5,9,0.79,Sun,17.4
SHP01199,104.24,1.07,2,Clear,0.39,Standard,6,2,9.44,Wed,23.58
SHP01200,121.0,1.75,3,Clear,0.408,Standard,6,6,0.59,Tue,21.26
SHP01201,34.1,0.75,5,Clear,0.889,Standard,8,7,4.38,Mon,25.34
SHP01202,62.97,1.55,1,Cloudy,0.389,Standard,7,9,4.23,Sat,22.88
SHP01203,232.23,3.01,4,Clear,0.46,Standard,3,5,1.43,Sun,22.99
SHP01204,150.53,9.59,4,Clear,0.867,Standard,8,5,2.56,Sat,31.84
SHP01205,144.84,4.43,5,Clear,0.351,Standard,6,4,1.47,Sun,25.42
SHP01206,214.38,3.91,4,Clear,0.534,Express,2,10,0.97,Tue,23.34
SHP01207,52.99,1.5,3,Clear,0.73,Standard,4,5,2.9,Mon,19.15
SHP01208,34.2,1.86,2,Clear,0.737,Standard,7,8,3.77,Tue,19.4
SHP01209,196.17,1.97,1,Cloudy,0.855,Standard,4,1,1.11,Sat,22.93
SHP01210,97.06,2.03,5,Clear,0.679,Express,4,9,5.39,Sat,24.14
SHP01211,51.83,2.6,4,Rain,0.681,Standard,1,10,2.51,Tue,18.08
SHP01212,23.05,2.74,2,Cloudy,0.821,Standard,8,2,2.04,Sun,18.81
SHP01213,117.18,2.62,3,Clear,0.674,Express,6,0,2.09,Tue,19.03
SHP01214,89.04,2.08,4,Clear,0.746,Standard,8,3,5.28,Thu,25.2
SHP01215,78.08,3.65,4,Rain,0.934,Standard,7,1,1.6,Mon,29.11
SHP01216,10.02,2.66,1,Clear,0.611,Express,3,5,1.66,Thu,8.75
SHP01217,266.38,1.09,3,Clear,0.6,Standard,6,0,5.2,Tue,30.79
SHP01218,28.53,3.4,3,Clear,0.352,Standard,3,7,5.48,Fri,16.02
SHP01219,83.9,3.06,5,Cloudy,0.749,Standard,8,9,4.17,Sat,36.91
SHP01220,73.67,1.1,1,Cloudy,0.369,Express,6,5,0.65,Wed,19.49
SHP01221,153.55,2.19,5,Storm,0.678,Standard,7,8,7.52,Mon,37.14
SHP01222,23.31,5.04,1,Rain,0.873,Standard,8,5,2.34,Mon,24.34
SHP01223,141.46,1.5,3,Clear,0.707,Standard,7,9,1.99,Sat,26.22
SHP01224,117.59,1.39,1,Clear,0.525,Standard,1,6,4.18,Wed,21.41
SHP01225,60.52,2.64,1,Clear,0.861,Standard,7,4,2.75,Thu,20.09
SHP01226,138.11,5.13,1,Clear,0.525,Standard,2,7,1.48,Wed,16.76
SHP01227,104.11,11.79,2,Clear,0.826,Standard,4,7,6.02,Fri,19.1
SHP01228,306.7,5.27,2,Clear,0.747,Standard,4,9,1.98,Tue,26.94
SHP01229,88.98,7.09,3,Clear,0.46,Standard,6,8,2.29,Wed,21.6
SHP01230,46.26,4.23,1,Clear,0.938,Standard,1,5,5.98,Sun,19.12
SHP01231,142.41,2.06,3,Clear,0.48,Express,4,0,4.0,Wed,17.05
SHP01232,80.89,5.24,2,Storm,0.993,Standard,6,8,3.31,Tue,25.11
SHP01233,102.61,3.13,1,Cloudy,0.355,Standard,7,2,1.42,Sat,20.19
SHP01234,34.46,4.32,5,Storm,0.521,Standard,5,8,2.86,Mon,23.41
SHP01235,155.12,1.71,2,Clear,0.48,Standard,6,6,2.99,Sat,24.45
SHP01236,71.24,4.6,2,Clear,0.359,Express,3,2,2.94,Sun,18.01
SHP01237,123.97,3.05,2,Clear,0.826,Express,4,8,2.03,Fri,21.18
SHP01238,355.08,3.9,1,Clear,0.801,Standard,4,6,1.11,Sat,30.8
SHP01239,85.2,3.13,4,Clear,0.865,Standard,5,6,4.41,Wed,20.04
SHP01240,169.36,2.73,5,Rain,0.517,Standard,7,6,1.37,Wed,27.35
SHP01241,89.64,4.66,5,Storm,0.639,Express,2,1,2.2,Mon,30.19
SHP01242,61.19,2.5,3,Clear,0.778,Standard,8,10,0.5,Fri,20.77
SHP01243,237.4,1.09,1,Clear,0.636,Standard,6,3,3.92,Tue,29.6
SHP01244,16.58,0.89,2,Clear,0.803,Standard,2,9,0.94,Tue,11.85
SHP01245,198.51,3.78,4,Clear,0.762,Express,6,7,2.99,Thu,27.26
SHP01246,14.38,2.43,1,Clear,0.425,Standard,5,1,0.69,Fri,13.19
SHP01247,185.41,0.99,1,Clear,0.858,Standard,2,3,1.84,Fri,20.92
SHP01248,103.74,3.58,4,Clear,0.818,Standard,1,9,1.7,Wed,22.15
SHP01249,46.37,3.11,2,Clear,0.776,Standard,5,7,0.95,Thu,14.7
SHP01250,75.02,2.34,1,Clear,0.451,Standard,7,2,2.55,Tue,14.03
SHP01251,163.36,3.95,5,Clear,0.524,Express,8,5,0.55,Sun,23.86
SHP01252,334.31,8.34,5,Clear,0.606,Express,6,1,3.61,Fri,34.75
SHP01253,24.28,8.16,4,Storm,0.532,Standard,3,7,3.76,Fri,24.35
SHP01254,48.86,3.67,2,Clear,0.498,Express,7,7,1.04,Mon,19.08
SHP01255,31.64,3.13,4,Rain,0.873,Standard,7,0,5.23,Tue,27.0
SHP01256,89.1,3.71,1,Rain,0.765,Standard,3,2,1.87,Mon,19.85
SHP01257,188.66,4.12,5,Storm,0.718,Express,3,1,0.87,Thu,28.24
SHP01258,27.67,2.75,3,Rain,0.497,Standard,6,6,0.5,Fri,16.14
SHP01259,101.76,3.75,4,Cloudy,0.947,Standard,7,6,5.04,Thu,29.8
SHP01260,184.77,1.1,3,Rain,0.474,Express,4,3,1.17,Sat,23.41
SHP01261,74.18,3.51,3,Clear,0.867,Standard,5,7,1.6,Mon,24.02
SHP01262,118.35,4.64,5,Clear,0.978,Standard,5,2,1.48,Tue,23.31
SHP01263,226.34,2.36,4,Storm,0.823,Express,8,8,4.27,Fri,31.53
SHP01264,41.38,3.11,3,Cloudy,0.995,Standard,2,4,3.13,Sat,21.23
SHP01265,18.62,1.52,1,Storm,0.773,Standard,5,1,2.34,Sat,20.52
SHP01266,128.61,1.38,2,Rain,0.491,Standard,8,8,0.6,Tue,22.41
SHP01267,131.07,3.85,2,Rain,0.482,Standard,8,0,6.17,Thu,27.72
SHP01268,70.23,1.99,5,Cloudy,0.561,Standard,7,10,3.18,Sat,30.3
SHP01269,59.8,0.96,4,Cloudy,0.355,Express,5,7,3.24,Wed,17.93
SHP01270,105.25,1.52,4,Clear,0.793,Standard,7,5,0.68,Tue,23.09
SHP01271,40.72,1.69,2,Rain,0.525,Standard,2,0,0.82,Sat,15.1
SHP01272,40.78,5.71,1,Rain,0.88,Standard,5,3,2.28,Tue,14.99
SHP01273,162.65,3.76,2,Rain,0.583,Standard,5,2,2.33,Tue,23.34
SHP01274,38.28,1.8,2,Cloudy,0.662,Express,8,6,0.95,Fri,17.22
SHP01275,19.92,2.2,4,Clear,0.978,Standard,1,6,0.69,Thu,21.28
SHP01276,59.7,8.32,3,Clear,0.507,Express,6,5,1.34,Thu,16.58
SHP01277,71.57,6.39,1,Rain,0.819,Standard,2,9,1.67,Fri,19.06
SHP01278,141.45,1.52,4,Cloudy,0.841,Standard,1,9,0.61,Tue,24.83
SHP01279,63.99,7.5,2,Clear,0.494,Standard,4,7,3.26,Tue,16.11
SHP01280,250.93,3.14,3,Clear,0.676,Standard,2,6,3.4,Wed,31.09
SHP01281,109.21,5.81,1,Rain,0.578,Standard,7,3,3.03,Sat,28.37
SHP01282,53.12,2.96,5,Rain,0.852,Standard,6,6,0.65,Tue,24.77
SHP01283,137.43,7.61,1,Rain,0.755,Express,5,0,1.32,Sat,18.63
SHP01284,248.11,1.47,1,Cloudy,0.659,Standard,7,2,3.7,Mon,32.95
SHP01285,159.71,2.78,2,Clear,0.857,Express,5,1,2.46,Sat,24.5
SHP01286,26.08,7.78,2,Clear,0.503,Standard,1,6,5.29,Tue,16.69
SHP01287,76.43,0.62,5,Clear,0.84,Standard,1,8,4.79,Wed,28.24
SHP01288,122.64,3.21,5,Rain,0.912,Standard,4,4,2.1,Mon,32.46
SHP01289,155.34,2.52,5,Clear,0.921,Standard,4,8,1.3,Wed,26.26
SHP01290,89.51,5.36,4,Cloudy,0.859,Express,6,7,3.59,Sat,26.8
SHP01291,80.41,7.02,4,Clear,0.615,Standard,5,0,3.84,Wed,24.84
SHP01292,305.28,5.54,2,Clear,0.988,Standard,7,10,4.17,Sat,36.44
SHP01293,161.28,3.93,2,Rain,0.597,Standard,3,1,2.44,Thu,18.36
SHP01294,137.72,3.42,5,Clear,0.765,Standard,7,5,1.17,Sat,26.17
SHP01295,66.17,2.61,4,Rain,0.455,Express,8,4,2.99,Fri,20.36
SHP01296,40.2,3.85,3,Clear,0.987,Standard,4,10,3.09,Wed,22.58
SHP01297,139.36,9.22,4,Clear,0.808,Standard,5,6,3.51,Tue,24.56
SHP01298,173.03,1.86,2,Clear,0.84,Standard,7,8,1.42,Thu,25.51
SHP01299,102.25,2.51,4,Clear,0.393,Express,7,3,2.97,Sun,27.57
SHP01300,161.56,3.15,2,Rain,0.846,Standard,4,7,0.51,Mon,27.94
SHP01301,164.3,6.69,5,Clear,0.854,Standard,8,3,3.74,Sat,28.71
SHP01302,180.6,3.88,5,Clear,0.787,Standard,7,2,2.37,Fri,27.77
SHP01303,25.63,6.61,5,Clear,0.54,Express,7,1,1.26,Thu,17.13
SHP01304,78.11,6.85,3,Cloudy,0.668,Standard,2,7,5.15,Wed,19.0
SHP01305,145.07,5.03,3,Rain,0.422,Standard,8,10,1.58,Sun,22.69
SHP01306,106.45,1.58,2,Clear,0.657,Standard,1,7,2.39,Sun,17.92
SHP01307,164.64,10.62,1,Cloudy,0.508,Standard,5,10,1.38,Thu,23.53
SHP01308,137.66,8.92,3,Rain,0.577,Standard,7,2,2.21,Tue,28.98
SHP01309,10.98,3.47,2,Cloudy,0.456,Standard,4,0,3.13,Tue,13.39
SHP01310,209.15,1.26,4,Clear,0.5,Standard,1,5,1.48,Tue,22.58
SHP01311,70.72,1.11,5,Cloudy,0.4,Standard,8,4,1.85,Fri,26.16
SHP01312,50.52,3.97,5,Cloudy,0.948,Standard,7,7,3.7,Sun,28.28
SHP01313,204.69,2.03,5,Cloudy,0.695,Express,7,5,0.5,Thu,30.2
SHP01314,156.36,1.0,2,Cloudy,0.608,Express,3,3,3.86,Thu,21.36
SHP01315,223.32,1.1,5,Storm,0.698,Express,4,9,4.39,Sun,33.95
SHP01316,123.58,2.39,3,Clear,0.758,Standard,5,9,0.87,Wed,16.81
SHP01317,77.34,3.81,4,Storm,0.949,Standard,2,10,0.5,Mon,29.48
SHP01318,113.82,8.88,5,Clear,0.466,Express,1,1,0.67,Tue,16.17
SHP01319,43.12,4.66,2,Cloudy,0.542,Standard,8,7,0.99,Mon,20.45
SHP01320,30.88,2.54,4,Clear,0.984,Standard,1,4,0.75,Sun,12.25
SHP01321,62.27,4.33,5,Clear,0.591,Express,2,7,3.3,Sun,20.7
SHP01322,266.42,4.07,1,Cloudy,0.365,Standard,5,4,1.94,Mon,25.38
SHP01323,67.44,5.57,5,Cloudy,0.446,Standard,6,5,2.69,Tue,24.79
SHP01324,20.39,3.23,3,Clear,0.367,Standard,8,9,4.14,Tue,29.67
SHP01325,91.39,6.86,4,Clear,0.993,Standard,3,4,3.56,Wed,22.64
SHP01326,66.73,5.91,3,Clear,0.531,Standard,6,10,5.93,Fri,28.1
SHP01327,211.6,3.52,1,Storm,0.95,Express,8,2,4.69,Tue,32.36
SHP01328,254.51,3.05,1,Rain,0.997,Standard,7,9,1.79,Mon,29.09
SHP01329,74.63,6.32,3,Clear,0.74,Standard,2,7,2.99,Sun,22.82
SHP01330,123.49,2.01,4,Rain,0.372,Express,3,2,6.07,Wed,23.72
SHP01331,130.73,1.16,1,Rain,0.403,Standard,5,3,1.58,Thu,21.27
SHP01332,99.05,1.15,1,Clear,0.663,Standard,4,5,3.18,Sun,24.13
SHP01333,86.31,1.9,5,Cloudy,0.614,Standard,4,1,7.26,Wed,28.31
SHP01334,47.7,5.27,2,Clear,0.744,Express,8,6,3.44,Tue,18.95
SHP01335,17.04,2.47,1,Cloudy,0.635,Standard,8,4,0.9,Sun,18.98
SHP01336,47.46,3.83,4,Clear,0.957,Standard,6,9,0.5,Sat,27.14
SHP01337,96.52,2.35,4,Clear,0.698,Standard,5,4,1.07,Tue,19.36
SHP01338,27.72,2.36,5,Clear,0.801,Standard,3,4,1.89,Fri,19.9
SHP01339,119.04,1.62,4,Clear,0.933,Standard,8,1,6.86,Wed,33.21
SHP01340,107.97,3.11,5,Rain,0.445,Standard,8,10,4.29,Tue,30.68
SHP01341,66.82,2.94,1,Clear,0.499,Standard,6,9,1.56,Mon,14.6
SHP01342,83.58,4.43,1,Clear,0.42,Standard,2,8,0.94,Mon,15.55
SHP01343,32.7,4.06,1,Rain,0.441,Standard,6,2,0.94,Wed,16.58
SHP01344,178.49,2.89,1,Clear,0.683,Standard,5,6,8.18,Sun,27.49
SHP01345,176.5,1.16,2,Clear,0.559,Standard,7,4,0.83,Fri,23.53
SHP01346,38.3,7.02,2,Storm,0.625,Express,5,9,3.82,Sat,21.1
SHP01347,39.31,3.13,1,Rain,0.989,Express,4,9,3.68,Wed,14.85
SHP01348,48.0,3.51,4,Clear,0.452,Express,2,4,1.76,Fri,14.5
SHP01349,149.93,10.18,5,Clear,0.702,Standard,4,3,0.77,Mon,26.7
SHP01350,130.45,6.27,3,Storm,0.414,Standard,3,9,3.03,Tue,21.8
SHP01351,203.19,4.54,5,Clear,0.557,Standard,3,5,6.51,Thu,30.8
SHP01352,218.02,3.31,3,Clear,0.693,Standard,1,6,0.68,Tue,22.85
SHP01353,25.24,3.29,3,Clear,0.965,Standard,5,6,2.29,Mon,24.04
SHP01354,146.36,3.93,1,Clear,0.604,Standard,2,10,3.54,Sat,20.15
SHP01355,212.45,4.41,3,Cloudy,0.392,Standard,2,7,6.24,Sun,25.05
SHP01356,79.55,11.0,1,Rain,0.602,Standard,4,4,0.5,Mon,17.22
SHP01357,100.91,18.75,2,Storm,0.445,Standard,6,6,3.25,Tue,24.98
SHP01358,90.11,4.07,4,Rain,0.499,Standard,6,3,6.15,Tue,29.79
SHP01359,93.1,0.74,3,Clear,0.752,Standard,4,8,3.84,Sat,22.93
SHP01360,178.09,1.71,4,Clear,0.394,Standard,7,4,1.3,Sat,19.24
SHP01361,298.24,11.8,1,Storm,0.652,Express,6,2,2.37,Mon,41.6
SHP01362,245.39,5.49,3,Clear,0.746,Standard,2,4,4.24,Tue,28.77
SHP01363,69.32,4.47,5,Clear,0.624,Standard,8,8,4.44,Sun,29.27
SHP01364,123.77,2.95,2,Rain,0.362,Express,8,10,3.79,Thu,19.41
SHP01365,54.32,1.44,2,Cloudy,0.991,Standard,8,7,2.54,Thu,18.46
SHP01366,59.03,10.75,3,Clear,0.589,Standard,4,0,2.02,Wed,18.05
SHP01367,97.7,1.87,2,Rain,0.856,Standard,8,4,4.67,Thu,27.81
SHP01368,57.73,5.53,5,Storm,0.562,Standard,6,5,3.06,Mon,31.15
SHP01369,64.96,1.34,4,Clear,0.659,Standard,1,9,2.43,Mon,20.67
SHP01370,121.73,2.86,5,Rain,0.603,Standard,5,10,1.19,Wed,23.56
SHP01371,144.98,6.65,2,Clear,0.573,Standard,1,1,1.13,Sun,10.7
SHP01372,142.38,2.79,4,Clear,0.364,Express,6,5,2.07,Fri,22.8
SHP01373,143.34,2.57,5,Rain,0.584,Standard,3,8,3.4,Sun,27.44
SHP01374,34.92,3.34,1,Storm,0.928,Standard,2,3,3.23,Wed,15.26
SHP01375,55.33,1.3,1,Clear,0.799,Standard,1,2,3.09,Fri,17.2
SHP01376,105.54,1.14,4,Clear,0.445,Standard,1,8,2.33,Fri,16.17
SHP01377,206.24,5.47,4,Clear,0.734,Express,4,1,4.38,Tue,29.17
SHP01378,402.44,2.47,4,Cloudy,0.93,Standard,4,8,4.98,Sat,38.29
SHP01379,127.23,5.44,1,Clear,0.805,Express,4,10,0.83,Thu,17.31
SHP01380,166.99,7.26,5,Clear,0.447,Standard,6,9,1.38,Sun,31.06
SHP01381,31.35,7.68,4,Clear,0.914,Express,7,10,8.05,Fri,27.96
SHP01382,164.03,1.07,1,Clear,0.546,Standard,7,10,1.97,Tue,26.89
SHP01383,336.97,2.04,4,Clear,0.645,Standard,8,1,2.02,Wed,40.27
SHP01384,55.16,4.84,4,Rain,0.692,Standard,3,10,1.11,Wed,21.95
SHP01385,66.66,4.89,4,Clear,0.903,Express,1,9,4.46,Sun,23.08
SHP01386,181.75,16.03,1,Clear,0.956,Standard,5,2,9.41,Sun,35.11
SHP01387,104.59,1.76,5,Rain,0.954,Express,8,6,1.11,Fri,29.93
SHP01388,15.43,7.52,1,Cloudy,0.355,Standard,8,1,4.66,Sun,19.71
SHP01389,69.89,4.31,1,Clear,0.949,Standard,4,0,0.98,Tue,14.12
SHP01390,253.84,1.05,4,Clear,0.385,Standard,3,8,4.19,Mon,25.49
SHP01391,83.1,2.26,3,Cloudy,0.523,Standard,6,5,1.0,Sun,16.68
SHP01392,83.05,3.99,3,Clear,0.685,Express,8,8,0.5,Sat,27.81
SHP01393,174.25,1.01,3,Cloudy,0.662,Standard,3,2,7.99,Sat,31.02
SHP01394,130.4,0.78,1,Clear,0.743,Standard,4,2,1.52,Thu,17.01
SHP01395,79.73,0.97,4,Clear,0.662,Standard,2,9,0.57,Fri,23.17
SHP01396,63.19,3.98,3,Clear,0.957,Standard,8,2,2.55,Mon,22.26
SHP01397,450.0,2.36,2,Cloudy,0.506,Standard,1,1,3.44,Thu,34.44
SHP01398,227.47,2.15,2,Rain,0.528,Standard,4,10,4.79,Mon,30.14
SHP01399,143.3,2.2,2,Clear,0.948,Standard,5,5,1.89,Sat,25.23
SHP01400,149.53,1.23,5,Clear,0.4,Standard,1,2,1.8,Tue,20.78
SHP01401,93.53,2.41,4,Clear,0.746,Standard,3,4,1.54,Sun,18.82
SHP01402,129.33,0.93,1,Clear,0.793,Standard,7,10,2.36,Fri,20.81
SHP01403,86.35,7.62,1,Rain,0.679,Standard,5,4,3.71,Mon,19.86
SHP01404,51.06,10.86,4,Clear,0.801,Standard,1,9,2.85,Mon,21.65
SHP01405,132.83,0.65,5,Rain,0.462,Standard,8,2,1.49,Mon,24.4
SHP01406,80.86,2.39,4,Cloudy,0.904,Standard,8,2,2.27,Sat,23.53
SHP01407,137.58,2.5,5,Rain,0.441,Standard,5,0,0.73,Fri,26.26
SHP01408,155.35,2.94,3,Cloudy,0.611,Standard,3,5,1.93,Tue,22.07
SHP01409,142.53,6.69,3,Clear,0.399,Express,8,2,1.73,Tue,22.37
SHP01410,47.6,2.4,5,Clear,0.704,Standard,8,0,4.82,Mon,27.44
SHP01411,74.39,3.12,4,Clear,0.785,Standard,4,9,2.55,Tue,29.9
SHP01412,82.05,26.72,3,Clear,0.962,Standard,7,8,1.95,Thu,27.07
SHP01413,194.84,3.07,4,Clear,0.831,Standard,5,10,2.17,Tue,27.94
SHP01414,188.3,11.43,3,Clear,0.702,Express,4,0,1.93,Mon,23.97
SHP01415,58.04,4.72,4,Storm,0.956,Express,7,4,0.88,Thu,27.84
SHP01416,34.16,2.25,4,Clear,0.661,Standard,3,4,3.66,Fri,20.68
SHP01417,414.29,2.0,2,Rain,0.715,Standard,7,1,0.5,Wed,36.77
SHP01418,138.76,3.3,5,Rain,0.737,Standard,3,0,1.51,Sat,28.2
SHP01419,30.04,1.51,1,Rain,0.616,Standard,8,5,1.17,Tue,16.72
SHP01420,65.81,1.81,5,Clear,0.895,Standard,5,6,1.54,Sun,24.76
SHP01421,200.13,2.47,4,Clear,0.47,Express,5,10,3.6,Thu,31.28
SHP01422,353.14,4.08,4,Clear,0.711,Standard,3,10,1.97,Wed,34.43
SHP01423,317.2,11.92,5,Clear,0.819,Express,5,8,2.19,Fri,33.08
SHP01424,134.82,2.36,4,Clear,0.938,Express,8,7,3.46,Wed,26.75
SHP01425,102.92,4.59,3,Rain,0.925,Express,5,9,3.28,Fri,19.57
SHP01426,43.77,1.06,4,Clear,0.681,Standard,5,2,3.12,Mon,22.15
SHP01427,109.24,6.97,5,Clear,0.768,Standard,6,8,2.22,Mon,31.98
SHP01428,49.01,0.99,5,Storm,0.606,Standard,5,0,4.62,Sat,25.17
SHP01429,74.95,5.81,5,Clear,0.654,Standard,1,5,1.14,Sat,21.6
SHP01430,181.63,3.14,2,Clear,0.939,Standard,3,9,1.95,Fri,27.36
SHP01431,86.03,3.05,2,Rain,0.955,Standard,3,1,1.57,Wed,22.54
SHP01432,81.75,2.69,2,Clear,0.932,Standard,2,9,1.64,Sat,22.84
SHP01433,98.94,1.34,2,Cloudy,0.44,Standard,4,8,1.01,Tue,12.2
SHP01434,450.0,1.39,2,Clear,0.903,Standard,2,8,3.99,Wed,37.73
SHP01435,39.73,5.96,2,Rain,0.966,Standard,5,7,3.35,Sat,19.17
SHP01436,125.23,3.35,2,Clear,0.585,Standard,5,10,1.91,Wed,18.03
SHP01437,299.63,2.68,5,Clear,0.687,Standard,8,6,2.98,Sun,40.02
SHP01438,98.73,4.53,1,Cloudy,0.856,Standard,8,5,4.16,Tue,24.32
SHP01439,224.79,3.56,2,Clear,0.715,Express,7,1,6.05,Wed,30.31
SHP01440,32.02,1.91,5,Clear,0.996,Standard,1,3,0.67,Wed,15.71
SHP01441,88.16,18.59,1,Clear,0.646,Standard,1,9,2.01,Thu,20.87
SHP01442,53.52,5.58,2,Clear,0.814,Standard,1,6,4.98,Fri,21.51
SHP01443,97.97,3.63,1,Clear,0.865,Express,1,5,8.35,Mon,23.51
SHP01444,99.48,2.32,1,Cloudy,0.671,Standard,1,8,2.8,Sat,14.73
SHP01445,107.09,6.47,3,Cloudy,0.907,Express,1,4,3.91,Sun,24.37
SHP01446,180.53,1.91,4,Cloudy,0.705,Express,1,5,0.5,Sat,20.99
SHP01447,9.47,1.8,3,Clear,0.618,Standard,1,9,2.9,Sat,14.82
SHP01448,63.49,10.86,1,Clear,0.42,Standard,7,5,1.86,Fri,19.97
SHP01449,119.38,3.39,5,Cloudy,0.606,Standard,6,7,3.65,Wed,29.94
SHP01450,16.36,1.95,2,Rain,0.827,Standard,1,7,6.3,Tue,17.53
SHP01451,156.63,3.33,4,Clear,0.949,Standard,3,5,2.2,Tue,31.45
SHP01452,62.53,6.02,2,Clear,0.514,Standard,1,7,2.12,Mon,20.8
SHP01453,89.42,5.13,5,Clear,0.581,Standard,4,6,1.38,Mon,25.32
SHP01454,185.91,6.57,4,Clear,0.45,Standard,1,0,0.5,Mon,22.96
SHP01455,231.35,1.38,3,Cloudy,0.799,Standard,6,4,1.48,Tue,29.17
SHP01456,159.82,6.45,1,Clear,0.974,Standard,7,10,0.62,Wed,18.87
SHP01457,38.71,2.93,5,Cloudy,0.767,Standard,8,9,0.69,Mon,25.58
SHP01458,154.56,3.53,1,Clear,0.751,Standard,8,9,2.94,Mon,25.7
SHP01459,161.52,7.74,1,Clear,0.71,Standard,5,9,0.79,Sun,19.82
SHP01460,141.0,5.43,2,Rain,0.407,Express,6,4,2.35,Tue,20.31
SHP01461,255.52,4.24,5,Clear,0.824,Standard,6,9,7.72,Sat,34.23
SHP01462,109.1,0.83,1,Clear,0.741,Standard,5,8,1.63,Wed,15.23
SHP01463,249.31,3.22,3,Storm,0.78,Standard,1,6,0.69,Mon,31.83
SHP01464,248.35,1.92,4,Rain,0.934,Standard,7,6,6.53,Wed,43.5
SHP01465,164.55,5.46,5,Rain,0.86,Standard,7,9,0.98,Thu,29.1
SHP01466,126.6,6.64,2,Clear,0.858,Standard,1,1,1.53,Sat,19.82
SHP01467,141.55,2.69,5,Clear,0.953,Standard,5,7,4.42,Sat,34.95
SHP01468,290.71,2.08,2,Rain,0.993,Standard,4,2,0.85,Mon,28.49
SHP01469,206.07,9.87,4,Clear,0.728,Standard,2,8,1.42,Mon,29.21
SHP01470,42.98,2.18,3,Rain,0.421,Standard,3,5,0.81,Sun,17.01
SHP01471,135.57,1.44,1,Clear,0.648,Express,5,8,4.38,Tue,23.38
SHP01472,51.24,1.85,5,Clear,0.862,Standard,1,8,0.77,Sat,17.17
SHP01473,61.05,2.25,2,Storm,0.368,Express,3,6,3.22,Sun,15.64
SHP01474,77.27,1.82,4,Clear,0.387,Standard,8,9,2.03,Thu,24.1
SHP01475,29.13,6.0,1,Clear,0.394,Standard,8,7,1.36,Thu,15.87
SHP01476,48.45,0.71,4,Clear,0.825,Standard,1,1,2.0,Thu,17.43
SHP01477,264.38,1.79,3,Clear,0.676,Express,2,4,1.55,Fri,26.25
SHP01478,60.74,3.21,1,Clear,0.59,Standard,2,2,1.13,Tue,9.6
SHP01479,181.2,3.85,1,Clear,0.419,Standard,5,0,0.5,Tue,14.32
SHP01480,116.13,10.85,1,Clear,0.826,Standard,3,5,0.83,Mon,17.09
SHP01481,150.1,9.79,2,Rain,0.559,Standard,6,8,2.54,Tue,24.58
SHP01482,154.4,1.08,1,Clear,0.522,Express,7,1,1.73,Mon,18.02
SHP01483,46.62,0.87,4,Storm,0.774,Standard,7,8,3.18,Sun,32.15
SHP01484,180.5,3.38,2,Clear,0.713,Standard,3,7,2.34,Mon,25.59
SHP01485,35.11,2.07,1,Cloudy,0.586,Express,8,10,0.5,Fri,16.85
SHP01486,58.7,1.44,4,Clear,0.767,Standard,6,8,2.94,Sun,24.81
SHP01487,152.91,3.36,4,Cloudy,0.526,Standard,8,4,0.72,Tue,24.82
SHP01488,44.0,3.9,5,Storm,0.867,Express,2,1,2.17,Tue,20.21
SHP01489,14.53,1.85,4,Rain,0.499,Standard,1,9,0.5,Fri,13.62
SHP01490,131.25,2.15,3,Cloudy,0.453,Standard,7,9,4.25,Fri,25.34
SHP01491,24.26,1.95,1,Clear,0.859,Standard,6,5,3.71,Sun,18.26
SHP01492,162.62,2.49,1,Rain,0.81,Standard,6,6,1.79,Sun,21.23
SHP01493,81.6,4.85,1,Rain,0.469,Standard,5,2,3.61,Tue,19.73
SHP01494,129.96,1.56,4,Storm,0.426,Standard,4,5,0.89,Tue,24.56
SHP01495,128.3,2.12,4,Clear,0.895,Express,2,5,1.27,Sun,19.81
SHP01496,170.68,2.51,1,Storm,0.855,Express,6,7,4.17,Mon,31.23
SHP01497,155.91,3.3,2,Clear,0.563,Express,8,0,0.5,Wed,12.54
SHP01498,43.65,4.03,2,Clear,0.778,Standard,8,3,1.85,Sat,19.66
SHP01499,85.4,13.87,3,Clear,0.431,Express,2,0,2.78,Mon,10.76
SHP01500,129.85,4.96,5,Clear,0.68,Standard,8,7,1.46,Thu,29.01
SHP01501,252.16,5.04,3,Cloudy,0.362,Standard,5,1,4.98,Thu,31.87
SHP01502,156.87,2.75,1,Rain,0.605,Standard,1,7,5.95,Wed,19.18
SHP01503,238.41,1.67,1,Rain,0.399,Standard,3,2,2.93,Sat,21.18
SHP01504,134.56,2.29,1,Cloudy,0.659,Standard,2,7,0.72,Fri,12.74
SHP01505,208.4,2.02,5,Clear,0.624,Express,5,5,3.66,Thu,29.07
SHP01506,122.56,4.37,4,Cloudy,0.639,Standard,5,0,7.48,Fri,29.21
SHP01507,202.92,1.05,5,Clear,0.379,Standard,5,6,2.25,Fri,28.18
SHP01508,78.46,5.03,3,Rain,0.585,Standard,7,6,1.92,Mon,23.3
SHP01509,270.66,3.06,4,Cloudy,0.842,Express,8,5,0.95,Fri,29.43
SHP01510,145.0,5.55,4,Cloudy,0.59,Standard,7,0,2.68,Wed,29.83
SHP01511,29.33,2.0,3,Clear,0.815,Standard,7,4,1.97,Mon,21.62
SHP01512,132.85,1.77,4,Rain,0.59,Standard,3,0,0.5,Wed,18.47
SHP01513,157.21,2.5,2,Clear,0.625,Standard,7,0,3.5,Fri,23.08
SHP01514,184.59,2.46,3,Clear,0.717,Express,2,5,0.64,Thu,17.23
SHP01515,330.65,5.84,3,Rain,0.968,Standard,6,7,8.35,Sat,47.85
SHP01516,69.16,5.8,2,Clear,0.421,Standard,5,0,2.37,Fri,19.82
SHP01517,332.03,12.6,5,Rain,0.371,Standard,3,1,1.8,Wed,33.76
SHP01518,102.94,2.35,5,Clear,0.745,Express,7,4,2.29,Tue,29.56
SHP01519,56.37,0.32,5,Clear,0.967,Standard,1,7,2.18,Tue,25.45
SHP01520,70.35,2.49,4,Rain,0.993,Standard,4,10,1.55,Thu,23.93
SHP01521,151.04,3.9,2,Clear,0.665,Standard,2,3,0.5,Sun,17.39
SHP01522,49.73,5.47,3,Clear,0.654,Standard,3,4,5.05,Sat,20.85
SHP01523,79.49,4.11,3,Clear,0.769,Express,4,9,2.26,Wed,16.26
SHP01524,130.6,2.35,3,Clear,0.711,Express,4,4,4.41,Thu,27.18
SHP01525,269.33,11.02,4,Cloudy,0.762,Express,7,2,0.5,Mon,28.09
SHP01526,181.14,1.61,4,Clear,0.918,Express,3,5,1.09,Fri,26.66
SHP01527,105.97,2.74,5,Rain,0.835,Express,8,4,1.44,Sun,29.65
SHP01528,150.58,1.56,4,Rain,0.673,Standard,6,1,0.74,Mon,25.77
SHP01529,121.89,3.37,5,Clear,0.65,Express,6,9,3.49,Tue,31.55
SHP01530,38.19,10.1,5,Cloudy,0.766,Standard,3,3,1.74,Fri,18.24
SHP01531,299.14,3.01,3,Cloudy,0.646,Standard,3,10,2.62,Mon,31.1
SHP01532,272.04,3.02,4,Clear,0.648,Standard,5,3,1.25,Tue,28.22
SHP01533,97.21,1.01,5,Clear,0.361,Express,1,6,4.54,Sat,24.38
SHP01534,72.33,2.72,2,Clear,0.463,Standard,6,6,3.79,Mon,21.78
SHP01535,38.99,7.43,2,Cloudy,0.668,Express,5,8,3.41,Fri,13.81
SHP01536,156.93,2.79,4,Cloudy,0.885,Standard,8,9,2.36,Mon,34.6
SHP01537,157.61,2.66,3,Clear,0.531,Standard,4,1,5.05,Sun,26.83
SHP01538,53.31,7.2,3,Cloudy,0.69,Standard,4,5,3.82,Sun,19.09
SHP01539,122.89,2.67,5,Cloudy,0.574,Standard,4,1,2.02,Fri,24.31
SHP01540,177.47,8.2,4,Cloudy,0.418,Standard,3,8,1.36,Mon,21.83
SHP01541,68.54,1.35,2,Rain,0.973,Standard,8,1,1.74,Thu,22.22
SHP01542,88.6,5.34,5,Clear,0.906,Express,2,5,3.03,Sat,24.06
SHP01543,87.96,10.51,5,Rain,0.401,Standard,5,7,0.5,Mon,24.19
SHP01544,56.16,6.72,1,Cloudy,0.818,Standard,2,5,1.05,Mon,13.96
SHP01545,89.95,0.9,4,Rain,0.576,Standard,7,2,5.0,Sun,23.77
SHP01546,24.73,2.12,5,Clear,0.997,Standard,1,4,4.25,Sun,23.49
SHP01547,84.59,2.8,2,Clear,0.547,Standard,1,3,1.75,Thu,9.33
SHP01548,85.57,6.73,1,Clear,0.505,Standard,5,0,10.0,Sun,24.82
SHP01549,98.1,1.31,2,Clear,0.719,Standard,4,4,3.68,Tue,15.3
SHP01550,143.07,1.63,3,Cloudy,0.893,Standard,7,9,2.28,Fri,28.12
SHP01551,36.2,1.08,1,Clear,0.475,Standard,6,4,4.3,Wed,16.52
SHP01552,42.58,1.86,1,Rain,0.811,Express,8,6,1.31,Tue,18.53
SHP01553,54.99,1.38,5,Cloudy,0.39,Standard,1,6,1.14,Fri,21.19
SHP01554,32.82,10.16,3,Cloudy,0.947,Standard,2,1,1.96,Mon,21.88
SHP01555,154.18,2.11,5,Clear,0.403,Standard,2,3,2.2,Tue,18.84
SHP01556,66.22,5.39,4,Storm,0.944,Standard,6,0,1.14,Mon,26.92
SHP01557,100.32,3.36,2,Rain,0.669,Standard,3,4,5.48,Tue,28.92
SHP01558,51.2,3.33,2,Rain,0.641,Standard,4,4,1.62,Tue,18.16
SHP01559,77.94,2.19,5,Clear,0.983,Standard,3,3,0.5,Wed,19.36
SHP01560,127.0,5.69,2,Clear,0.994,Standard,5,9,2.37,Thu,23.51
SHP01561,131.26,3.7,2,Clear,0.773,Express,1,6,1.84,Tue,15.53
SHP01562,44.19,3.55,4,Clear,0.433,Express,6,5,3.97,Sun,17.4
SHP01563,96.73,2.19,3,Clear,0.679,Express,6,9,1.32,Mon,23.02
SHP01564,51.93,2.46,1,Cloudy,0.694,Standard,6,2,3.51,Wed,19.55
SHP01565,94.14,5.01,5,Cloudy,0.684,Standard,3,1,2.64,Tue,20.07
SHP01566,61.93,3.9,5,Clear,0.72,Standard,8,3,4.48,Sun,28.13
SHP01567,311.12,3.62,4,Clear,0.362,Standard,3,8,2.35,Thu,28.76
SHP01568,176.8,1.96,4,Rain,0.812,Standard,5,9,1.09,Mon,24.86
SHP01569,135.19,12.95,1,Clear,0.813,Standard,2,4,2.74,Wed,15.59
SHP01570,83.1,2.37,3,Rain,0.425,Standard,2,0,0.84,Fri,14.24
SHP01571,180.17,3.25,5,Clear,0.721,Express,7,10,0.5,Sat,28.39
SHP01572,98.78,2.91,4,Clear,0.719,Standard,5,2,1.17,Thu,20.63
SHP01573,291.34,13.04,5,Clear,0.794,Standard,8,8,4.68,Sun,38.44
SHP01574,192.04,2.71,2,Cloudy,0.406,Standard,6,6,7.01,Fri,28.6
SHP01575,77.52,2.54,5,Clear,0.757,Standard,2,2,0.5,Fri,22.87
SHP01576,270.58,3.61,3,Rain,0.532,Standard,5,0,4.14,Wed,32.36
SHP01577,83.42,2.04,3,Clear,0.68,Standard,2,3,6.25,Wed,24.8
SHP01578,322.52,3.59,5,Clear,0.853,Standard,8,8,0.81,Wed,36.38
SHP01579,279.73,17.46,2,Cloudy,0.809,Standard,7,6,5.51,Sun,40.88
SHP01580,126.52,4.1,3,Clear,0.427,Standard,5,4,0.66,Sun,21.5
SHP01581,25.67,3.99,4,Rain,0.734,Standard,2,10,1.97,Fri,19.9
SHP01582,119.83,2.01,5,Clear,0.98,Standard,6,5,2.88,Sat,30.12
SHP01583,40.32,10.98,2,Clear,0.452,Standard,8,0,0.88,Mon,14.48
SHP01584,63.43,12.9,4,Cloudy,0.904,Standard,3,6,5.29,Wed,25.11
SHP01585,67.25,6.03,5,Storm,0.807,Express,8,4,2.13,Thu,29.72
SHP01586,40.01,5.25,2,Clear,0.853,Standard,3,6,3.88,Wed,20.14
SHP01587,120.15,2.82,4,Rain,0.533,Standard,8,4,0.93,Sat,26.09
SHP01588,57.62,4.37,3,Clear,0.537,Express,7,4,7.28,Wed,30.99
SHP01589,86.3,1.85,5,Rain,0.939,Express,6,2,3.14,Sat,27.25
SHP01590,67.7,1.51,5,Cloudy,0.584,Express,2,4,3.04,Wed,14.89
SHP01591,143.49,1.17,3,Clear,0.391,Standard,6,7,2.84,Fri,27.84
SHP01592,136.53,4.43,1,Clear,0.74,Standard,5,7,3.07,Sat,24.35
SHP01593,81.23,1.27,4,Clear,0.431,Standard,3,1,3.62,Mon,21.73
SHP01594,148.33,2.34,3,Clear,0.868,Standard,1,10,1.62,Wed,20.26
SHP01595,225.48,3.18,5,Clear,0.767,Express,7,0,0.62,Fri,30.23
SHP01596,12.14,6.66,4,Cloudy,0.919,Standard,2,1,0.65,Thu,21.57
SHP01597,64.7,2.21,4,Storm,0.86,Express,1,10,2.27,Mon,23.66
SHP01598,47.15,7.24,1,Clear,0.423,Standard,1,6,6.37,Fri,13.11
SHP01599,60.22,6.41,5,Clear,0.598,Standard,8,2,1.96,Sat,16.25
SHP01600,9.6,1.57,2,Cloudy,0.853,Express,7,7,4.85,Tue,20.51
SHP01601,11.54,7.29,1,Rain,0.621,Standard,4,3,2.03,Thu,12.22
SHP01602,69.51,2.72,1,Clear,0.982,Express,1,9,5.88,Thu,17.27
SHP01603,67.98,2.34,2,Clear,0.828,Standard,1,9,3.02,Tue,15.24
SHP01604,246.32,2.73,2,Clear,0.36,Standard,6,7,2.7,Fri,24.8
SHP01605,113.65,3.31,1,Clear,0.922,Standard,4,1,4.53,Fri,19.76
SHP01606,145.79,2.48,4,Clear,0.416,Express,4,4,2.99,Sun,20.54
SHP01607,450.0,1.84,3,Clear,0.441,Standard,4,5,3.51,Sat,39.91
SHP01608,12.19,1.96,3,Clear,0.827,Standard,7,0,2.24,Thu,20.61
SHP01609,294.45,3.66,1,Cloudy,0.912,Standard,5,0,2.84,Sun,25.76
SHP01610,99.28,2.97,4,Clear,0.699,Standard,4,8,0.71,Fri,19.43
SHP01611,73.97,4.8,2,Clear,0.538,Standard,6,4,5.24,Tue,22.9
SHP01612,65.52,3.44,1,Clear,0.578,Standard,5,3,5.36,Sun,22.56
SHP01613,129.47,3.5,5,Rain,0.573,Standard,2,0,1.69,Fri,27.9
SHP01614,74.46,5.03,4,Rain,0.562,Standard,5,2,2.08,Thu,20.19
SHP01615,39.01,8.96,5,Clear,0.508,Express,2,3,7.17,Fri,26.16
SHP01616,67.46,9.22,5,Clear,0.746,Standard,4,10,1.73,Mon,19.93
SHP01617,132.03,8.48,1,Cloudy,0.935,Express,4,10,3.78,Tue,21.05
SHP01618,163.27,6.11,4,Clear,0.55,Standard,2,4,2.57,Tue,25.17
SHP01619,313.65,14.29,5,Clear,0.471,Express,3,9,0.52,Wed,24.29
SHP01620,110.21,4.51,4,Clear,0.895,Standard,6,4,3.11,Fri,33.24
SHP01621,234.08,4.17,3,Rain,0.832,Standard,5,9,5.16,Sat,38.77
SHP01622,88.72,15.97,5,Rain,0.955,Express,6,7,1.87,Tue,29.72
SHP01623,97.92,0.49,5,Cloudy,0.458,Standard,6,2,0.75,Fri,21.0
SHP01624,94.18,2.86,4,Clear,0.444,Standard,1,6,4.01,Mon,21.37
SHP01625,119.66,7.98,3,Rain,0.702,Express,4,5,0.55,Sun,23.36
SHP01626,182.81,6.59,5,Rain,0.749,Standard,5,9,0.58,Thu,27.11
SHP01627,72.1,20.0,1,Storm,0.662,Express,6,10,7.42,Thu,27.07
SHP01628,49.29,3.58,4,Clear,0.739,Standard,5,9,4.62,Wed,26.71
SHP01629,192.48,2.46,4,Clear,0.467,Standard,6,9,2.34,Wed,23.4
SHP01630,183.57,2.63,5,Cloudy,0.662,Standard,4,10,3.18,Sat,32.19
SHP01631,257.85,4.15,3,Clear,0.778,Standard,6,5,0.98,Tue,23.91
SHP01632,63.64,10.33,5,Clear,0.631,Standard,2,9,2.55,Sat,21.21
SHP01633,86.37,10.42,2,Clear,0.792,Standard,4,8,0.82,Tue,17.61
SHP01634,197.24,3.19,5,Rain,0.643,Standard,5,6,0.8,Tue,31.16
SHP01635,71.45,3.96,2,Rain,0.567,Standard,7,10,4.15,Mon,22.96
SHP01636,158.71,2.16,1,Clear,0.547,Standard,3,6,1.53,Wed,18.17
SHP01637,89.01,2.33,4,Rain,0.617,Express,6,10,1.33,Wed,20.68
SHP01638,128.99,6.91,4,Cloudy,0.365,Standard,2,0,2.96,Thu,20.23
SHP01639,38.32,10.19,3,Rain,0.785,Standard,4,0,1.29,Wed,22.86
SHP01640,109.2,2.04,5,Clear,0.899,Express,1,8,1.83,Wed,18.02
SHP01641,222.57,3.94,1,Clear,0.581,Standard,7,8,6.71,Mon,32.68
SHP01642,172.86,2.8,2,Clear,0.38,Express,7,10,0.58,Sat,21.44
SHP01643,46.6,6.08,3,Clear,0.991,Standard,4,9,6.0,Tue,23.13
SHP01644,297.9,2.53,1,Cloudy,0.521,Standard,8,2,10.0,Sat,34.11
SHP01645,213.83,0.86,1,Clear,0.432,Standard,7,10,0.63,Sun,19.85
SHP01646,39.95,6.7,2,Storm,0.59,Standard,5,10,0.72,Sun,18.96
SHP01647,67.83,2.68,2,Clear,0.83,Express,5,7,3.37,Mon,18.98
SHP01648,41.98,2.89,4,Clear,0.541,Standard,1,8,2.39,Fri,20.17
SHP01649,131.5,4.5,5,Clear,0.724,Standard,2,0,1.14,Thu,21.87
SHP01650,65.5,4.25,3,Clear,0.62,Standard,5,2,5.27,Thu,21.82
SHP01651,15.59,4.57,5,Clear,0.427,Standard,2,5,1.63,Thu,17.03
SHP01652,97.6,1.06,3,Rain,0.565,Standard,2,3,2.69,Sat,22.92
SHP01653,187.51,4.9,1,Clear,0.821,Standard,4,7,3.71,Tue,25.89
SHP01654,110.82,0.87,2,Cloudy,0.748,Express,2,8,3.16,Tue,14.21
SHP01655,149.16,5.69,2,Cloudy,0.428,Express,6,6,2.21,Tue,19.76
SHP01656,118.43,7.26,1,Clear,0.456,Standard,8,10,3.83,Thu,26.45
SHP01657,168.13,1.27,1,Cloudy,0.766,Standard,5,0,0.5,Thu,15.82
SHP01658,125.93,4.18,3,Rain,0.879,Standard,5,1,4.6,Sat,28.87
SHP01659,93.72,6.96,1,Clear,0.577,Standard,3,0,1.73,Sat,15.84
SHP01660,109.84,2.42,3,Clear,0.737,Standard,7,8,3.51,Sun,24.49
SHP01661,263.97,5.32,5,Rain,0.461,Standard,2,3,2.14,Thu,35.17
SHP01662,154.88,0.47,2,Clear,0.552,Standard,3,9,1.33,Fri,20.63
SHP01663,46.46,7.16,2,Clear,0.363,Express,4,7,2.02,Fri,18.86
SHP01664,108.6,3.39,2,Storm,0.849,Express,3,4,2.75,Sun,22.65
SHP01665,129.88,2.77,5,Clear,0.611,Standard,7,4,3.09,Sat,30.66
SHP01666,91.44,6.61,5,Clear,0.88,Standard,2,4,2.78,Thu,22.58
SHP01667,15.68,11.14,4,Rain,0.81,Standard,8,10,1.25,Tue,23.36
SHP01668,50.64,4.66,3,Rain,0.889,Standard,7,4,0.9,Tue,23.57
SHP01669,74.62,10.24,3,Clear,0.536,Standard,5,2,0.98,Fri,20.99
SHP01670,319.87,1.12,4,Clear,0.47,Standard,8,5,1.82,Fri,36.32
SHP01671,143.69,5.29,2,Rain,0.982,Express,4,0,3.47,Thu,24.23
SHP01672,24.77,3.03,3,Cloudy,0.816,Express,2,7,3.64,Thu,13.11
SHP01673,95.79,1.91,3,Clear,0.892,Standard,8,3,1.39,Tue,21.19
SHP01674,237.99,0.86,2,Clear,0.359,Standard,8,5,2.22,Sat,30.06
SHP01675,64.76,5.09,1,Clear,0.58,Standard,8,1,0.55,Wed,10.64
SHP01676,202.13,6.13,1,Rain,0.833,Express,8,1,1.63,Sat,26.79
SHP01677,25.59,8.49,4,Rain,0.401,Express,8,7,1.39,Sun,21.0
SHP01678,5.0,7.57,5,Storm,0.719,Standard,8,0,1.12,Tue,28.23
SHP01679,221.85,1.93,3,Rain,0.629,Standard,4,7,2.41,Sat,30.58
SHP01680,71.65,8.19,3,Cloudy,0.361,Standard,1,9,6.86,Tue,20.22
SHP01681,76.15,8.82,4,Clear,0.503,Standard,8,9,2.32,Thu,22.98
SHP01682,117.65,2.77,4,Rain,0.535,Standard,2,0,4.84,Wed,23.08
SHP01683,140.26,3.39,3,Cloudy,0.423,Standard,1,8,4.15,Wed,23.46
SHP01684,6.23,1.73,2,Clear,0.76,Express,8,0,1.45,Sun,8.79
SHP01685,60.72,9.36,2,Clear,0.508,Standard,3,3,3.85,Thu,18.29
SHP01686,107.16,1.15,5,Rain,0.53,Express,2,8,7.13,Mon,25.57
SHP01687,140.04,4.83,3,Clear,0.934,Standard,1,0,0.73,Thu,20.17
SHP01688,45.98,2.19,3,Clear,0.654,Express,6,8,4.15,Fri,21.91
SHP01689,87.91,1.53,3,Cloudy,0.605,Standard,5,7,2.1,Sat,17.71
SHP01690,64.6,0.89,3,Cloudy,0.821,Standard,3,4,1.26,Wed,17.49
SHP01691,120.45,2.86,4,Clear,0.941,Standard,2,5,2.95,Sun,25.01
SHP01692,216.72,1.37,1,Rain,0.366,Express,2,4,3.01,Thu,20.1
SHP01693,79.42,3.45,3,Clear,0.641,Express,5,3,9.54,Tue,25.19
SHP01694,30.24,11.46,1,Clear,0.747,Standard,5,9,1.3,Tue,12.66
SHP01695,58.05,3.82,2,Clear,0.557,Standard,7,3,2.31,Sat,16.98
SHP01696,296.01,13.44,5,Cloudy,0.852,Standard,8,9,2.28,Tue,35.47
SHP01697,50.81,1.67,2,Storm,0.981,Standard,1,7,1.3,Sun,21.54
SHP01698,36.24,1.35,3,Rain,0.963,Express,1,7,1.0,Thu,15.48
SHP01699,75.71,1.62,2,Rain,0.523,Standard,1,8,1.6,Mon,17.12
SHP01700,95.81,3.17,4,Clear,0.497,Standard,7,2,2.04,Sun,18.89
SHP01701,67.81,22.33,1,Clear,0.972,Standard,8,9,0.94,Fri,22.89
SHP01702,25.73,1.04,3,Cloudy,0.648,Standard,4,7,4.31,Tue,21.76
SHP01703,128.78,5.12,4,Clear,0.485,Express,3,2,3.23,Thu,15.76
SHP01704,120.54,2.03,1,Rain,0.81,Standard,8,1,0.75,Mon,20.92
SHP01705,164.01,2.84,4,Cloudy,0.535,Standard,2,1,1.57,Wed,17.82
SHP01706,118.63,1.38,2,Storm,0.524,Express,3,8,2.45,Sun,20.34
SHP01707,280.59,6.14,3,Clear,0.922,Standard,5,3,3.7,Sun,30.55
SHP01708,172.63,3.22,2,Clear,0.456,Standard,8,4,2.05,Sun,25.65
SHP01709,150.08,7.11,5,Clear,0.392,Standard,6,1,3.55,Sun,28.84
SHP01710,221.88,3.75,3,Clear,0.525,Standard,3,8,2.83,Wed,29.36
SHP01711,113.58,0.86,2,Cloudy,0.745,Standard,3,6,3.85,Sat,22.39
SHP01712,89.33,7.15,3,Clear,0.43,Standard,1,2,1.16,Fri,17.68
SHP01713,127.77,0.81,1,Clear,0.657,Standard,5,5,3.3,Thu,18.57
SHP01714,14.77,0.9,3,Clear,0.758,Standard,3,6,2.1,Thu,13.33
SHP01715,113.84,1.75,3,Clear,0.902,Standard,2,5,4.74,Tue,25.77
SHP01716,95.73,1.76,1,Clear,0.499,Standard,1,9,1.14,Mon,17.73
SHP01717,137.54,8.82,2,Clear,0.881,Express,7,10,2.87,Fri,27.05
SHP01718,202.53,2.95,3,Clear,0.503,Standard,3,9,2.33,Mon,25.68
SHP01719,153.06,7.95,4,Clear,0.79,Express,5,5,1.94,Sun,22.41
SHP01720,58.18,2.23,3,Clear,0.63,Standard,8,7,1.63,Sun,25.12
SHP01721,181.31,4.15,2,Clear,0.425,Standard,6,7,1.73,Sun,25.18
SHP01722,283.19,4.63,1,Clear,0.814,Standard,8,4,6.54,Fri,40.28
SHP01723,205.96,5.4,2,Clear,0.492,Express,8,3,1.9,Thu,20.39
SHP01724,32.93,2.4,5,Cloudy,0.465,Standard,2,10,6.22,Thu,26.23
SHP01725,151.96,2.55,3,Cloudy,0.583,Standard,6,4,1.94,Fri,26.64
SHP01726,37.77,2.69,3,Rain,0.775,Express,5,8,2.51,Mon,19.6
SHP01727,82.83,1.04,1,Clear,0.502,Express,5,9,2.21,Sat,19.9
SHP01728,134.76,3.13,3,Clear,0.469,Standard,5,5,6.46,Wed,27.27
SHP01729,122.75,2.54,4,Rain,0.356,Express,6,2,3.99,Wed,21.67
SHP01730,203.35,4.98,4,Clear,0.657,Standard,4,2,1.51,Sun,26.41
SHP01731,284.06,3.54,2,Cloudy,0.629,Standard,2,0,0.58,Tue,21.17
SHP01732,144.18,8.46,1,Clear,0.502,Standard,5,4,1.54,Tue,17.79
SHP01733,78.04,3.49,5,Clear,0.385,Standard,4,5,5.34,Sat,28.12
SHP01734,15.65,2.24,2,Cloudy,0.629,Standard,1,7,0.8,Mon,15.69
SHP01735,237.01,3.46,1,Clear,0.862,Standard,4,10,0.61,Sat,25.52
SHP01736,96.11,5.51,1,Clear,0.815,Standard,1,8,1.27,Thu,13.39
SHP01737,99.87,0.96,2,Clear,0.91,Standard,6,6,0.93,Mon,22.26
SHP01738,105.8,2.01,2,Clear,0.356,Express,7,0,1.07,Fri,18.93
SHP01739,139.68,2.04,3,Clear,0.978,Standard,7,6,0.5,Sun,19.75
SHP01740,142.51,4.43,5,Cloudy,0.572,Express,4,9,2.55,Wed,25.33
SHP01741,83.84,4.8,4,Rain,0.994,Express,6,8,2.93,Tue,25.52
SHP01742,95.4,3.56,3,Rain,0.514,Express,5,3,1.89,Mon,23.25
SHP01743,63.7,0.59,1,Clear,0.656,Express,4,10,0.59,Mon,14.39
SHP01744,58.14,1.04,5,Storm,0.58,Standard,4,6,1.28,Fri,27.08
SHP01745,57.91,2.81,5,Cloudy,0.581,Standard,5,8,2.86,Sun,23.41
SHP01746,94.57,2.34,2,Clear,0.897,Standard,1,0,3.15,Sun,18.43
SHP01747,48.95,3.33,5,Rain,0.835,Standard,5,9,0.5,Thu,26.82
SHP01748,5.0,2.39,5,Cloudy,0.995,Standard,2,8,2.27,Sun,21.37
SHP01749,77.0,9.7,1,Cloudy,0.749,Standard,7,3,1.19,Thu,19.46
SHP01750,34.93,0.67,3,Clear,0.651,Express,8,7,2.16,Sun,15.01
SHP01751,111.11,4.1,5,Clear,0.409,Express,8,2,0.64,Sun,22.88
SHP01752,63.5,5.93,2,Rain,0.998,Standard,7,1,0.5,Wed,15.32
SHP01753,140.88,5.43,3,Clear,0.708,Standard,4,7,1.85,Sat,22.79
SHP01754,38.06,5.76,2,Cloudy,0.805,Standard,2,7,1.99,Sat,17.75
SHP01755,19.27,6.37,5,Cloudy,0.614,Express,5,2,1.03,Tue,20.43
SHP01756,95.58,2.18,3,Rain,0.706,Standard,7,7,5.86,Thu,25.86
SHP01757,74.47,1.54,5,Clear,0.963,Standard,6,10,1.16,Thu,26.56
SHP01758,32.09,0.8,1,Cloudy,0.458,Standard,5,10,1.15,Thu,18.04
SHP01759,172.72,2.58,3,Clear,0.54,Standard,3,5,2.21,Sat,22.0
SHP01760,44.27,1.93,2,Cloudy,0.449,Express,2,9,2.0,Mon,9.19
SHP01761,55.87,7.49,1,Cloudy,0.865,Standard,7,8,1.17,Sun,20.47
SHP01762,194.78,2.71,4,Clear,0.39,Standard,3,9,2.91,Sun,23.12
SHP01763,146.49,1.61,2,Cloudy,0.403,Express,2,5,2.9,Thu,15.06
SHP01764,40.06,1.44,5,Clear,0.544,Express,8,7,2.24,Sat,25.77
SHP01765,79.76,13.36,2,Clear,0.684,Express,6,1,2.53,Fri,24.85
SHP01766,36.44,3.27,4,Clear,0.614,Standard,3,0,2.1,Sat,16.15
SHP01767,185.53,1.92,2,Clear,0.379,Standard,3,9,2.01,Wed,18.72
SHP01768,185.45,3.62,1,Clear,0.972,Standard,2,9,0.65,Thu,19.11
SHP01769,310.65,12.53,2,Clear,0.969,Standard,5,1,2.34,Tue,29.93
SHP01770,387.27,2.53,3,Cloudy,0.532,Standard,1,3,4.04,Mon,38.94
SHP01771,62.9,5.37,4,Rain,0.825,Standard,5,9,2.53,Sun,24.45
SHP01772,166.08,7.62,2,Cloudy,0.726,Standard,1,8,1.7,Fri,20.88
SHP01773,16.22,0.88,4,Clear,0.504,Express,2,6,3.91,Sat,21.69
SHP01774,117.22,2.12,1,Rain,0.52,Standard,4,8,2.54,Wed,21.28
SHP01775,138.07,6.98,3,Cloudy,0.669,Express,5,8,1.16,Mon,25.16
SHP01776,46.44,2.03,5,Clear,0.623,Standard,3,8,3.91,Fri,21.16
SHP01777,59.73,4.44,2,Rain,0.539,Standard,5,7,1.45,Mon,18.18
SHP01778,186.28,1.95,1,Clear,0.875,Standard,8,5,0.84,Wed,20.67
SHP01779,140.44,2.43,4,Cloudy,0.663,Standard,2,10,1.04,Wed,24.81
SHP01780,285.82,2.23,4,Clear,0.776,Standard,8,9,1.34,Thu,37.43
SHP01781,264.94,5.18,1,Clear,0.473,Express,4,6,0.61,Tue,18.94
SHP01782,21.72,3.82,2,Rain,0.697,Standard,4,1,5.05,Thu,18.8
SHP01783,68.08,3.56,5,Clear,0.557,Express,5,10,0.5,Sat,20.33
SHP01784,42.25,19.21,2,Clear,0.692,Standard,5,0,3.17,Sun,15.75
SHP01785,170.76,11.22,3,Rain,0.858,Express,8,4,2.63,Mon,27.86
SHP01786,125.5,0.83,2,Rain,0.85,Standard,6,7,2.5,Thu,26.91
SHP01787,44.89,2.43,3,Cloudy,0.58,Express,5,2,2.89,Wed,14.6
SHP01788,51.27,18.15,4,Clear,0.801,Standard,2,6,1.83,Wed,21.08
SHP01789,228.11,2.22,3,Clear,0.962,Standard,1,4,3.18,Wed,22.61
SHP01790,74.36,14.32,5,Rain,0.757,Express,6,9,1.96,Thu,26.06
SHP01791,13.28,2.46,1,Clear,0.446,Standard,1,7,1.57,Sun,8.71
SHP01792,41.39,2.82,3,Clear,0.792,Standard,8,5,0.69,Sat,17.97
SHP01793,323.69,6.08,2,Clear,0.418,Express,3,5,2.71,Sat,29.41
SHP01794,198.5,3.12,3,Clear,0.917,Standard,7,6,2.75,Fri,32.66
SHP01795,34.29,4.69,4,Clear,0.686,Standard,2,6,2.1,Thu,15.62
SHP01796,117.18,10.0,3,Clear,0.6,Standard,6,3,3.66,Thu,24.08
SHP01797,190.5,5.65,5,Clear,0.387,Express,8,9,4.6,Thu,31.26
SHP01798,21.4,3.67,3,Clear,0.598,Standard,4,9,1.39,Thu,11.65
SHP01799,204.54,10.71,5,Clear,0.937,Standard,6,9,3.26,Wed,30.18
SHP01800,139.53,6.13,2,Clear,0.364,Standard,3,7,0.67,Sun,21.91
SHP01801,56.84,1.99,4,Cloudy,0.659,Express,4,5,2.21,Tue,15.87
SHP01802,155.0,13.28,1,Rain,0.955,Express,6,10,1.85,Thu,27.71
SHP01803,126.74,5.21,2,Clear,0.607,Express,8,7,3.73,Thu,19.28
SHP01804,132.84,2.86,2,Clear,0.628,Standard,4,6,1.48,Tue,21.59
SHP01805,114.2,0.81,1,Clear,0.726,Standard,5,0,4.77,Thu,19.71
SHP01806,49.67,1.27,3,Clear,0.651,Standard,4,3,1.76,Sun,17.58
SHP01807,57.91,10.91,3,Clear,0.46,Standard,6,6,0.69,Tue,24.1
SHP01808,85.79,11.22,3,Clear,0.362,Express,4,8,0.5,Wed,12.61
SHP01809,106.16,3.52,4,Cloudy,0.746,Standard,2,1,3.49,Fri,25.44
SHP01810,161.23,0.96,2,Cloudy,0.949,Standard,5,4,0.61,Thu,24.03
SHP01811,328.53,1.55,5,Clear,0.419,Standard,5,8,2.98,Fri,45.29
SHP01812,121.06,1.07,1,Clear,0.487,Standard,3,8,3.45,Thu,15.09
SHP01813,159.31,1.04,2,Rain,0.591,Standard,5,5,1.14,Mon,21.63
SHP01814,184.16,13.72,3,Clear,0.876,Standard,1,6,2.58,Sun,28.03
SHP01815,166.95,14.04,1,Cloudy,0.525,Standard,2,8,5.84,Sat,24.7
SHP01816,48.06,1.51,5,Clear,0.923,Standard,3,9,1.88,Mon,21.94
SHP01817,241.92,3.3,2,Cloudy,0.386,Express,1,7,0.51,Wed,21.4
SHP01818,218.09,1.35,2,Rain,0.962,Standard,4,9,1.3,Fri,27.29
SHP01819,113.09,3.28,4,Rain,0.714,Standard,7,5,6.34,Fri,29.9
SHP01820,50.57,10.46,2,Clear,0.778,Standard,1,5,3.64,Tue,19.49
SHP01821,104.94,7.06,2,Clear,0.589,Express,3,6,0.77,Sun,16.98
SHP01822,24.35,5.85,5,Clear,0.858,Express,5,6,4.52,Tue,22.39
SHP01823,262.14,2.9,5,Rain,0.458,Standard,2,1,4.7,Thu,31.57
SHP01824,62.35,8.03,1,Clear,0.382,Standard,7,8,1.5,Tue,14.27
SHP01825,82.51,5.22,3,Clear,0.607,Standard,3,3,0.66,Tue,19.37
SHP01826,250.41,4.41,5,Clear,0.905,Standard,1,9,4.26,Fri,32.57
SHP01827,231.62,3.06,1,Clear,0.841,Standard,7,8,6.88,Mon,30.17
SHP01828,130.22,4.15,2,Clear,0.686,Standard,1,10,1.17,Fri,15.41
SHP01829,287.18,4.06,1,Cloudy,0.722,Standard,8,9,3.49,Sun,33.26
SHP01830,46.75,2.27,1,Clear,0.434,Standard,3,2,1.19,Tue,10.07
SHP01831,130.27,1.93,1,Clear,0.896,Standard,7,4,1.15,Thu,15.14
SHP01832,47.08,1.65,1,Rain,0.862,Standard,6,4,2.59,Mon,16.75
SHP01833,209.59,1.73,5,Rain,0.777,Standard,6,6,1.04,Tue,31.11
SHP01834,204.86,2.91,3,Rain,0.653,Standard,3,3,2.05,Tue,25.41
SHP01835,300.02,2.59,1,Clear,0.977,Standard,6,10,4.8,Sat,33.21
SHP01836,102.64,2.15,4,Cloudy,0.921,Standard,3,3,0.55,Thu,20.46
SHP01837,352.73,2.04,2,Clear,0.769,Express,5,0,3.81,Thu,26.29
SHP01838,43.73,4.07,2,Clear,0.592,Standard,7,5,2.44,Tue,16.31
SHP01839,98.67,8.71,2,Clear,0.752,Express,3,3,2.92,Tue,21.08
SHP01840,45.13,3.29,2,Clear,0.724,Standard,4,10,2.28,Fri,21.53
SHP01841,118.12,3.15,2,Clear,0.606,Standard,2,9,5.25,Wed,23.14
SHP01842,48.61,1.73,1,Storm,0.549,Standard,2,9,2.8,Thu,19.37
SHP01843,209.96,2.84,3,Clear,0.615,Express,4,4,1.6,Sun,25.8
SHP01844,142.67,7.64,4,Clear,0.723,Standard,1,10,2.45,Thu,20.81
SHP01845,40.52,6.86,5,Clear,0.628,Standard,1,8,1.54,Sun,19.97
SHP01846,179.04,6.54,4,Clear,0.521,Standard,1,3,1.22,Sun,19.63
SHP01847,274.46,6.39,5,Cloudy,0.845,Express,8,0,4.49,Sat,34.44
SHP01848,152.13,4.51,5,Clear,0.695,Express,7,10,1.54,Fri,29.09
SHP01849,30.43,4.4,4,Rain,0.394,Express,1,8,0.5,Mon,17.87
SHP01850,91.87,3.94,1,Clear,0.589,Standard,5,4,2.94,Sat,18.7
SHP01851,165.39,2.48,2,Cloudy,0.925,Standard,4,9,1.61,Sat,29.55
SHP01852,85.49,3.52,1,Cloudy,0.841,Express,2,10,5.93,Mon,20.5
SHP01853,43.24,3.86,2,Rain,0.56,Standard,4,6,3.29,Mon,17.73
SHP01854,225.61,5.17,3,Rain,0.96,Express,2,2,5.73,Thu,26.46
SHP01855,82.75,3.56,5,Cloudy,0.4,Standard,1,3,3.75,Wed,24.25
SHP01856,274.57,14.49,4,Clear,0.975,Standard,5,9,4.57,Wed,37.1
SHP01857,68.37,1.42,3,Clear,0.51,Express,3,8,2.83,Sun,19.17
SHP01858,79.12,5.63,2,Cloudy,0.356,Standard,3,9,3.93,Fri,12.4
SHP01859,64.2,3.23,1,Rain,0.632,Express,6,0,1.08,Sun,16.3
SHP01860,90.72,3.33,4,Clear,0.583,Standard,1,10,3.74,Mon,21.05
SHP01861,141.09,1.88,5,Clear,0.7,Express,1,4,0.65,Mon,16.97
SHP01862,45.24,6.78,3,Rain,0.868,Standard,4,7,2.06,Tue,21.52
SHP01863,38.1,5.24,5,Clear,0.898,Standard,5,9,1.35,Fri,27.24
SHP01864,20.91,5.95,2,Clear,0.611,Standard,5,6,2.6,Sat,24.41
SHP01865,18.26,3.74,5,Clear,0.629,Standard,8,3,1.51,Sat,24.26
SHP01866,30.78,2.64,1,Cloudy,0.446,Standard,4,6,0.67,Fri,11.12
SHP01867,68.0,3.17,3,Storm,0.381,Express,5,0,0.62,Thu,16.16
SHP01868,116.61,4.5,3,Clear,0.767,Standard,7,5,0.73,Thu,25.65
SHP01869,135.8,0.82,1,Clear,0.392,Standard,7,8,2.65,Fri,18.58
SHP01870,112.83,6.12,5,Clear,0.827,Express,5,2,2.72,Wed,26.26
SHP01871,254.84,18.14,1,Clear,0.7,Standard,7,3,1.51,Fri,29.28
SHP01872,307.14,4.65,4,Cloudy,0.479,Standard,8,7,3.01,Wed,35.95
SHP01873,83.04,2.73,1,Clear,0.701,Standard,3,4,1.9,Thu,11.13
SHP01874,45.91,2.97,5,Clear,0.469,Express,5,4,2.86,Sun,19.58
SHP01875,366.43,5.45,1,Cloudy,0.635,Standard,7,0,2.15,Fri,28.24
SHP01876,220.63,2.77,2,Cloudy,0.87,Standard,1,5,3.84,Wed,23.5
SHP01877,210.21,6.1,1,Clear,0.65,Express,3,1,1.06,Tue,20.67
SHP01878,65.85,2.94,1,Clear,0.447,Express,1,0,0.5,Tue,11.45
SHP01879,181.98,11.02,5,Storm,0.82,Standard,1,5,1.92,Fri,32.53
SHP01880,113.47,10.81,4,Clear,0.471,Standard,7,4,2.32,Mon,24.44
SHP01881,97.21,2.63,4,Cloudy,0.83,Express,7,4,0.86,Fri,27.7
SHP01882,97.09,3.14,5,Clear,0.662,Standard,4,8,1.0,Thu,21.62
SHP01883,145.54,3.27,5,Rain,0.645,Express,6,9,3.23,Thu,25.87
SHP01884,260.14,3.3,5,Cloudy,0.903,Standard,5,9,3.29,Tue,37.46
SHP01885,385.42,1.71,2,Cloudy,0.811,Standard,5,2,1.85,Wed,33.99
SHP01886,75.18,1.55,3,Rain,0.371,Standard,5,0,0.5,Tue,16.56
SHP01887,118.07,7.96,1,Rain,0.543,Standard,5,7,3.14,Wed,22.01
SHP01888,95.42,7.12,5,Cloudy,0.916,Standard,7,4,2.31,Sun,30.22
SHP01889,139.04,7.03,5,Clear,0.362,Standard,3,10,1.37,Fri,25.5
SHP01890,86.84,3.16,5,Clear,0.704,Standard,2,4,4.12,Mon,26.12
SHP01891,59.84,12.48,4,Cloudy,0.823,Standard,1,7,0.5,Thu,17.99
SHP01892,75.26,3.27,5,Cloudy,0.754,Standard,6,7,2.06,Fri,28.03
SHP01893,66.63,6.07,1,Clear,0.844,Express,8,10,3.17,Tue,19.87
SHP01894,92.01,1.26,5,Clear,0.822,Standard,6,1,0.65,Sat,23.58
SHP01895,32.95,2.83,1,Cloudy,0.8,Standard,2,2,0.59,Sat,12.42
SHP01896,67.64,2.98,2,Clear,0.884,Standard,8,9,6.28,Fri,26.98
SHP01897,138.11,3.17,3,Clear,0.77,Standard,8,9,3.26,Mon,24.41
SHP01898,137.41,1.31,4,Cloudy,0.612,Standard,2,0,5.27,Wed,22.99
SHP01899,122.84,5.43,1,Cloudy,0.657,Express,8,2,3.92,Sun,22.17
SHP01900,245.81,6.82,2,Clear,0.816,Standard,2,3,2.69,Mon,22.51
SHP01901,141.87,1.97,3,Clear,0.92,Standard,7,10,6.84,Tue,29.67
SHP01902,240.69,1.49,3,Clear,0.527,Standard,3,6,2.48,Mon,33.35
SHP01903,385.6,1.94,3,Clear,0.572,Express,2,8,1.94,Thu,26.52
SHP01904,185.01,4.7,1,Cloudy,0.955,Standard,8,4,3.92,Sat,28.01
SHP01905,33.1,2.19,2,Clear,0.726,Standard,8,0,4.17,Mon,18.92
SHP01906,126.27,3.02,5,Clear,0.466,Standard,3,1,2.97,Fri,24.32
SHP01907,113.63,1.57,2,Clear,0.781,Standard,7,9,1.37,Wed,19.59
SHP01908,274.29,13.27,2,Clear,0.994,Standard,4,1,3.91,Thu,30.19
SHP01909,94.51,3.49,2,Storm,0.885,Express,8,8,1.35,Thu,22.53
SHP01910,53.28,7.42,1,Clear,0.835,Standard,8,9,2.21,Thu,23.17
SHP01911,70.79,4.69,1,Rain,0.485,Standard,4,6,1.0,Tue,16.3
SHP01912,34.28,3.22,1,Rain,0.919,Standard,6,1,1.06,Tue,14.43
SHP01913,5.0,3.11,2,Clear,0.692,Standard,4,0,1.89,Fri,17.1
SHP01914,347.11,2.0,1,Cloudy,0.928,Standard,3,4,2.75,Wed,26.91
SHP01915,104.09,2.42,3,Clear,0.564,Standard,3,0,6.67,Mon,19.74
SHP01916,37.39,1.64,1,Cloudy,0.39,Express,1,8,1.25,Fri,9.63
SHP01917,290.08,1.52,4,Clear,0.659,Standard,8,2,2.27,Tue,38.74
SHP01918,321.41,14.3,1,Rain,0.525,Standard,2,1,1.97,Fri,23.21
SHP01919,116.41,4.04,1,Clear,0.815,Standard,5,5,2.82,Wed,16.39
SHP01920,31.42,9.26,1,Rain,0.972,Standard,5,2,1.68,Fri,21.13
SHP01921,72.16,1.9,1,Clear,0.799,Express,2,4,3.31,Sun,12.88
SHP01922,87.1,1.38,4,Rain,0.927,Express,5,9,0.94,Sat,25.78
SHP01923,106.64,1.67,5,Clear,0.644,Standard,5,7,2.12,Sat,24.0
SHP01924,41.81,2.47,1,Cloudy,0.852,Standard,7,9,2.72,Thu,19.85
SHP01925,195.07,3.41,3,Clear,0.898,Standard,5,1,4.34,Mon,34.2
SHP01926,11.81,2.99,4,Clear,0.812,Standard,6,4,3.35,Sun,18.96
SHP01927,216.04,1.93,5,Cloudy,0.68,Standard,8,10,2.08,Tue,36.3
SHP01928,246.05,3.53,1,Rain,0.757,Express,8,7,1.06,Sun,28.89
SHP01929,77.84,3.75,5,Clear,0.805,Standard,8,0,7.21,Tue,27.02
SHP01930,97.92,5.43,3,Rain,0.515,Standard,3,9,1.19,Sat,23.58
SHP01931,265.92,9.29,4,Cloudy,0.876,Standard,3,9,0.71,Wed,30.58
SHP01932,161.18,2.57,4,Rain,0.968,Standard,3,10,1.3,Wed,27.6
SHP01933,80.0,7.77,5,Clear,0.652,Standard,2,3,0.58,Wed,21.07
SHP01934,87.45,3.48,1,Clear,0.806,Standard,4,4,2.69,Tue,16.89
SHP01935,146.1,1.14,2,Rain,0.829,Standard,6,9,2.07,Thu,25.68
SHP01936,327.54,11.57,4,Clear,0.78,Standard,6,10,1.76,Sun,37.36
SHP01937,89.51,16.29,2,Clear,0.706,Standard,5,2,1.93,Mon,23.28
SHP01938,78.13,5.12,4,Clear,0.923,Standard,8,1,1.36,Wed,20.08
SHP01939,106.1,3.54,1,Clear,0.642,Express,1,2,0.5,Tue,14.77
SHP01940,106.56,2.75,1,Cloudy,0.39,Express,3,10,3.93,Thu,13.22
SHP01941,128.9,2.4,4,Cloudy,0.899,Express,7,4,1.47,Wed,26.63
SHP01942,98.15,7.75,5,Cloudy,0.788,Standard,6,6,0.61,Sun,26.62
SHP01943,224.44,3.28,1,Clear,0.902,Standard,6,1,0.5,Wed,19.57
SHP01944,49.87,10.72,1,Clear,0.44,Standard,1,6,4.92,Mon,17.78
SHP01945,138.93,3.4,3,Clear,0.37,Express,5,5,1.6,Sat,17.76
SHP01946,142.7,2.49,1,Clear,0.957,Standard,6,6,1.57,Mon,25.47
SHP01947,53.74,2.18,3,Rain,0.446,Standard,8,6,2.92,Fri,22.04
SHP01948,137.97,1.97,1,Rain,0.876,Standard,6,8,1.37,Sat,19.91
SHP01949,145.27,4.76,1,Clear,0.885,Standard,4,6,0.57,Sat,24.7
SHP01950,6.17,1.34,5,Rain,0.811,Standard,1,5,1.26,Sun,20.16
SHP01951,45.86,1.87,5,Clear,0.435,Standard,7,9,2.48,Sat,27.17
SHP01952,280.2,8.39,1,Cloudy,0.784,Standard,7,7,1.25,Wed,26.2
SHP01953,64.86,1.7,4,Clear,0.928,Express,5,6,1.02,Fri,15.34
SHP01954,37.31,6.07,4,Cloudy,0.627,Standard,5,5,0.81,Sun,24.94
SHP01955,17.37,0.78,1,Clear,0.619,Express,3,3,2.74,Tue,10.59
SHP01956,42.2,9.16,4,Clear,0.638,Standard,4,6,2.43,Sun,22.79
SHP01957,95.09,1.36,1,Clear,0.403,Standard,5,7,2.99,Mon,20.09
SHP01958,34.87,1.8,5,Clear,0.93,Standard,8,7,1.77,Sat,25.51
SHP01959,162.6,5.35,2,Clear,0.915,Standard,4,3,1.45,Sat,24.17
SHP01960,52.92,4.01,3,Clear,0.999,Standard,3,9,1.07,Thu,23.59
SHP01961,129.59,6.21,4,Clear,0.73,Standard,8,8,1.61,Wed,27.05
SHP01962,254.86,1.36,4,Cloudy,0.838,Standard,7,2,0.5,Sun,33.91
SHP01963,244.73,2.72,5,Clear,0.482,Standard,1,8,2.57,Wed,22.49
SHP01964,128.04,2.16,4,Cloudy,0.784,Standard,6,2,1.49,Fri,29.08
SHP01965,39.74,1.53,1,Clear,0.772,Standard,6,6,4.25,Mon,15.22
SHP01966,100.0,5.04,1,Rain,0.936,Standard,2,3,1.98,Sat,22.74
SHP01967,130.99,6.42,2,Rain,0.89,Standard,2,4,0.5,Sat,22.71
SHP01968,430.66,2.62,2,Clear,0.96,Standard,2,2,2.33,Fri,34.16
SHP01969,17.18,9.64,2,Cloudy,0.915,Standard,6,1,7.34,Sun,24.22
SHP01970,100.26,1.92,1,Clear,0.915,Standard,4,7,2.73,Wed,18.39
SHP01971,158.71,9.48,2,Rain,0.391,Standard,8,6,3.54,Mon,25.88
SHP01972,112.2,4.92,2,Clear,0.9,Standard,2,6,4.56,Wed,21.22
SHP01973,121.17,1.41,1,Clear,0.745,Standard,1,7,0.99,Mon,22.32
SHP01974,55.65,13.29,5,Clear,0.597,Standard,5,0,1.82,Sun,26.91
SHP01975,192.84,2.43,4,Clear,0.387,Standard,8,7,1.03,Wed,24.64
SHP01976,106.6,7.72,3,Clear,0.79,Standard,4,9,3.26,Thu,24.63
SHP01977,120.86,3.68,1,Cloudy,0.563,Express,6,4,1.04,Sat,18.01
SHP01978,206.4,4.32,1,Clear,0.654,Express,1,7,1.76,Sun,18.03
SHP01979,81.9,6.24,3,Clear,0.793,Standard,7,8,3.45,Sun,22.69
SHP01980,236.18,6.0,3,Clear,0.943,Express,6,1,3.23,Fri,30.69
SHP01981,33.75,2.61,2,Clear,0.887,Standard,4,2,2.3,Mon,19.93
SHP01982,125.77,4.82,3,Clear,0.643,Standard,4,5,4.59,Fri,22.96
SHP01983,52.78,4.57,4,Rain,0.602,Express,4,8,3.44,Mon,27.95
SHP01984,41.58,3.86,4,Clear,0.506,Express,3,9,1.26,Sun,20.89
SHP01985,325.14,2.88,4,Cloudy,0.592,Standard,5,9,0.59,Mon,34.76
SHP01986,35.46,3.85,4,Clear,0.422,Standard,8,7,0.94,Sat,18.21
SHP01987,108.11,13.16,4,Clear,0.981,Standard,2,5,3.59,Mon,27.42
SHP01988,32.91,2.7,2,Cloudy,0.723,Standard,3,4,2.71,Wed,16.97
SHP01989,226.82,7.73,1,Clear,0.433,Standard,5,2,4.63,Tue,26.61
SHP01990,75.68,2.15,3,Clear,0.579,Standard,6,3,2.91,Wed,25.28
SHP01991,205.69,1.79,1,Cloudy,0.706,Express,2,6,3.49,Tue,20.1
SHP01992,155.08,32.9,3,Clear,0.696,Standard,7,6,2.54,Sat,36.63
SHP01993,391.29,4.85,2,Clear,0.373,Express,3,2,1.22,Sat,29.07
SHP01994,26.79,4.94,2,Cloudy,0.968,Standard,3,3,1.18,Wed,14.9
SHP01995,45.52,5.04,5,Cloudy,0.529,Standard,8,2,0.95,Tue,29.77
SHP01996,198.47,8.89,5,Clear,0.361,Standard,1,1,1.23,Sun,26.85
SHP01997,130.05,4.42,2,Clear,0.4,Standard,8,5,4.71,Sat,24.66
SHP01998,86.5,5.88,2,Clear,0.727,Standard,7,6,3.19,Mon,23.51
SHP01999,346.57,1.58,3,Clear,0.44,Standard,7,3,1.79,Mon,34.65
SHP02000,102.72,6.61,2,Cloudy,0.377,Standard,3,4,2.77,Tue,17.9
SHP02001,54.51,2.81,1,Rain,0.597,Standard,4,7,2.74,Tue,17.94
SHP02002,207.32,5.31,3,Rain,0.755,Standard,6,8,4.98,Fri,31.43
SHP02003,105.24,1.0,2,Clear,0.423,Standard,7,6,1.65,Mon,15.75
SHP02004,111.27,5.16,3,Clear,0.554,Standard,8,9,2.43,Wed,24.88
SHP02005,164.03,0.69,3,Cloudy,0.622,Standard,3,0,3.51,Fri,24.73
SHP02006,168.36,2.74,4,Clear,0.454,Standard,4,10,1.21,Sun,26.26
SHP02007,44.98,1.01,5,Cloudy,0.679,Express,5,2,5.26,Tue,21.74
SHP02008,82.76,5.17,3,Cloudy,0.405,Standard,5,10,3.4,Sun,18.96
SHP02009,30.2,3.49,3,Rain,0.38,Standard,8,4,0.94,Sat,18.12
SHP02010,131.41,1.94,4,Clear,0.688,Standard,7,2,6.45,Wed,32.64
SHP02011,321.49,9.06,2,Clear,0.511,Standard,4,0,4.6,Thu,28.74
SHP02012,46.64,1.77,3,Rain,0.412,Standard,1,1,3.11,Thu,15.54
SHP02013,24.9,0.4,4,Cloudy,0.626,Standard,8,7,0.5,Sun,20.37
SHP02014,62.08,4.76,1,Rain,0.945,Express,1,6,1.4,Sun,13.0
SHP02015,85.94,0.96,4,Clear,0.821,Standard,5,9,2.31,Sat,23.06
SHP02016,169.36,1.81,5,Cloudy,0.88,Standard,6,2,2.44,Thu,27.54
SHP02017,79.23,2.31,5,Cloudy,0.917,Standard,3,3,2.18,Sat,28.93
SHP02018,133.06,1.23,2,Clear,0.982,Standard,8,2,0.72,Wed,24.67
SHP02019,69.67,2.35,2,Clear,0.846,Standard,7,3,1.72,Sat,24.66
SHP02020,89.55,1.24,5,Cloudy,0.745,Express,7,7,1.85,Sun,29.21
SHP02021,52.99,3.72,5,Clear,0.588,Express,5,8,0.5,Tue,12.64
SHP02022,39.64,1.4,3,Clear,0.468,Express,5,6,3.09,Wed,17.4
SHP02023,173.45,3.39,5,Cloudy,0.796,Standard,8,8,5.65,Fri,34.8
SHP02024,73.56,7.49,2,Clear,0.997,Express,8,8,1.95,Fri,25.27
SHP02025,139.85,5.74,5,Rain,0.654,Standard,4,6,3.13,Thu,27.01
SHP02026,52.28,3.14,2,Clear,0.82,Standard,1,6,0.96,Sun,11.99
SHP02027,103.21,1.66,1,Clear,0.672,Express,6,7,2.66,Tue,13.59
SHP02028,12.15,3.71,5,Storm,0.631,Standard,4,9,2.69,Sun,24.94
SHP02029,77.92,2.04,2,Rain,0.617,Standard,5,2,4.26,Fri,25.31
SHP02030,57.1,3.82,4,Clear,0.678,Standard,2,7,4.82,Mon,23.61
SHP02031,220.91,1.0,3,Rain,0.588,Standard,3,0,3.1,Sun,23.99
SHP02032,34.19,5.84,2,Clear,0.837,Standard,5,5,1.25,Mon,23.9
SHP02033,92.35,3.4,5,Clear,0.918,Express,8,1,1.21,Thu,26.33
SHP02034,130.28,15.58,5,Clear,0.924,Standard,4,6,4.79,Sun,33.82
SHP02035,201.08,8.28,1,Clear,0.498,Standard,2,2,0.78,Thu,21.92
SHP02036,183.16,4.93,4,Rain,0.932,Standard,2,10,1.39,Thu,23.39
SHP02037,97.88,3.04,2,Cloudy,0.572,Express,5,9,2.95,Fri,17.42
SHP02038,108.24,1.99,4,Storm,0.551,Standard,6,4,5.53,Tue,33.1
SHP02039,220.78,6.42,1,Cloudy,0.822,Standard,1,9,5.83,Sat,25.38
SHP02040,96.5,2.83,3,Clear,0.548,Standard,2,1,0.5,Sat,16.6
SHP02041,116.69,7.52,4,Cloudy,0.384,Standard,7,0,2.59,Thu,24.5
SHP02042,225.51,4.4,1,Storm,0.593,Standard,8,4,2.05,Wed,25.71
SHP02043,425.53,4.42,2,Cloudy,0.819,Standard,8,8,1.08,Thu,36.44
SHP02044,123.88,5.03,3,Cloudy,0.563,Standard,3,8,0.5,Sun,23.2
SHP02045,148.19,1.74,5,Rain,0.759,Express,8,6,2.04,Sat,32.66
SHP02046,179.55,1.62,1,Clear,0.779,Standard,4,8,0.77,Sat,24.66
SHP02047,224.11,1.58,5,Cloudy,0.827,Standard,4,3,2.87,Sat,35.26
SHP02048,204.38,6.91,3,Rain,0.933,Express,4,2,2.18,Fri,28.61
SHP02049,65.42,1.71,1,Storm,0.631,Standard,7,10,0.5,Tue,21.67
SHP02050,129.74,1.87,1,Clear,0.458,Standard,5,3,1.79,Thu,18.25
SHP02051,205.31,4.84,3,Clear,0.557,Standard,4,6,0.57,Mon,22.72
SHP02052,255.08,2.78,2,Cloudy,0.631,Standard,7,7,2.51,Thu,26.29
SHP02053,92.48,2.55,1,Clear,0.814,Standard,4,1,3.31,Thu,16.27
SHP02054,127.56,2.4,3,Cloudy,0.359,Standard,3,4,1.54,Tue,18.4
SHP02055,137.94,0.65,4,Clear,0.555,Express,7,4,4.63,Wed,23.81
SHP02056,105.66,1.69,5,Clear,0.857,Standard,1,8,2.54,Thu,24.89
SHP02057,125.26,7.59,1,Clear,0.786,Standard,6,2,2.14,Thu,21.18
SHP02058,450.0,2.28,4,Clear,0.826,Standard,5,5,2.16,Sat,41.68
SHP02059,89.63,0.88,1,Clear,0.878,Standard,5,9,1.79,Fri,20.5
SHP02060,94.88,1.64,2,Clear,0.859,Standard,4,4,1.74,Tue,22.35
SHP02061,22.22,4.27,3,Clear,0.793,Standard,3,1,0.75,Fri,16.1
SHP02062,18.44,4.21,1,Clear,0.636,Standard,2,1,5.31,Sat,18.7
SHP02063,144.71,2.7,3,Clear,0.989,Standard,7,3,1.77,Thu,27.3
SHP02064,205.86,2.05,1,Clear,0.72,Standard,4,3,5.83,Thu,28.75
SHP02065,181.58,1.24,2,Cloudy,0.482,Express,7,6,3.27,Mon,28.87
SHP02066,52.16,4.3,2,Rain,0.54,Standard,4,0,1.9,Fri,19.68
SHP02067,174.55,5.97,4,Clear,0.801,Express,5,10,2.31,Sat,27.93
SHP02068,93.77,8.18,2,Clear,0.951,Standard,5,5,3.31,Tue,22.94
SHP02069,77.26,1.53,3,Cloudy,0.466,Standard,4,10,3.98,Sun,20.85
SHP02070,31.03,8.64,2,Clear,0.404,Standard,5,8,2.11,Sun,15.6
SHP02071,57.78,3.19,1,Storm,0.923,Express,3,1,3.75,Sun,22.08
SHP02072,147.03,3.38,2,Cloudy,0.945,Standard,2,4,3.23,Thu,19.78
SHP02073,128.79,6.21,3,Clear,0.53,Standard,2,9,3.33,Mon,27.29
SHP02074,115.82,2.27,1,Clear,0.595,Standard,7,10,3.76,Mon,22.54
SHP02075,10.58,0.73,4,Clear,0.779,Standard,2,9,1.34,Sun,25.56
SHP02076,116.67,5.44,4,Clear,0.564,Standard,7,3,4.93,Wed,25.51
SHP02077,64.63,4.24,4,Clear,0.92,Standard,4,3,2.71,Tue,23.18
SHP02078,129.44,2.58,1,Clear,0.42,Express,6,7,3.97,Sun,18.57
SHP02079,228.52,5.13,4,Rain,0.375,Standard,4,5,2.11,Mon,27.31
SHP02080,72.53,5.92,2,Clear,0.486,Standard,4,6,2.49,Tue,20.67
SHP02081,110.64,1.15,1,Clear,0.536,Standard,3,10,1.34,Sun,13.59
SHP02082,345.26,3.37,1,Cloudy,0.423,Standard,2,8,0.88,Thu,23.44
SHP02083,124.95,0.67,1,Clear,0.393,Standard,5,2,1.85,Sun,19.01
SHP02084,101.0,3.04,5,Clear,0.841,Standard,5,10,3.41,Wed,29.66
SHP02085,52.89,2.56,3,Clear,0.457,Standard,1,1,1.37,Sat,11.14
SHP02086,177.79,4.68,5,Cloudy,0.944,Express,1,2,0.5,Tue,24.96
SHP02087,45.43,1.57,5,Storm,0.589,Standard,7,7,4.4,Sat,31.44
SHP02088,235.07,2.47,5,Clear,0.786,Standard,8,8,0.78,Wed,30.01
SHP02089,161.15,0.35,3,Clear,0.497,Standard,6,9,2.65,Sat,23.87
SHP02090,66.47,4.9,5,Clear,0.506,Standard,7,4,6.29,Tue,22.55
SHP02091,54.4,3.12,4,Clear,0.724,Express,5,7,10.0,Sat,33.55
SHP02092,55.51,3.53,1,Clear,0.714,Standard,2,10,1.91,Tue,17.45
SHP02093,18.8,1.17,1,Rain,0.85,Express,7,6,4.44,Fri,16.12
SHP02094,142.33,4.39,2,Rain,0.843,Standard,4,8,2.68,Wed,26.76
SHP02095,12.35,10.56,4,Clear,0.786,Standard,5,3,0.99,Tue,17.64
SHP02096,96.33,2.92,3,Clear,0.642,Standard,6,9,1.8,Fri,25.6
SHP02097,91.78,5.23,1,Cloudy,0.929,Standard,6,2,1.46,Fri,18.88
SHP02098,80.02,1.81,5,Clear,0.755,Standard,5,8,4.33,Wed,25.66
SHP02099,141.66,3.15,2,Clear,0.994,Express,8,7,6.13,Thu,26.99
SHP02100,66.6,1.14,2,Clear,0.883,Standard,1,6,1.6,Wed,13.66
SHP02101,116.88,5.76,1,Clear,0.379,Standard,8,0,0.52,Tue,21.48
SHP02102,235.04,3.71,4,Clear,0.558,Standard,2,1,2.42,Thu,28.7
SHP02103,153.31,1.41,2,Rain,0.722,Standard,5,8,1.05,Wed,23.48
SHP02104,74.69,1.89,1,Cloudy,0.819,Standard,4,4,0.86,Wed,18.51
SHP02105,103.26,3.47,4,Clear,0.708,Standard,4,0,1.25,Wed,16.4
SHP02106,80.09,6.34,1,Clear,0.861,Standard,3,8,1.18,Wed,12.86
SHP02107,90.81,9.35,1,Rain,0.534,Standard,4,0,2.86,Thu,20.07
SHP02108,119.44,3.02,4,Clear,0.47,Standard,5,7,3.32,Tue,26.57
SHP02109,29.68,1.28,4,Rain,0.385,Standard,5,4,2.63,Fri,22.18
SHP02110,23.25,3.92,4,Clear,0.723,Express,4,10,1.04,Wed,11.5
SHP02111,49.13,11.58,1,Clear,0.798,Standard,1,5,1.07,Fri,11.28
SHP02112,146.3,1.07,2,Clear,0.562,Standard,2,0,2.03,Fri,20.02
SHP02113,160.17,1.7,3,Rain,0.749,Standard,6,1,1.67,Fri,33.57
SHP02114,176.44,5.09,3,Clear,0.384,Express,5,6,2.19,Wed,25.12
SHP02115,50.82,3.7,1,Clear,0.415,Express,4,1,2.79,Wed,16.16
SHP02116,110.18,2.27,1,Clear,0.806,Express,6,4,2.02,Sat,19.73
SHP02117,76.5,3.87,2,Rain,0.589,Standard,4,10,3.15,Wed,21.93
SHP02118,93.65,6.58,4,Rain,0.786,Standard,5,8,2.49,Sun,24.18
SHP02119,75.45,3.1,1,Storm,0.891,Express,3,4,3.25,Wed,21.99
SHP02120,124.26,2.91,5,Storm,0.904,Standard,2,2,0.81,Mon,27.67
SHP02121,60.1,5.01,4,Clear,0.462,Standard,5,10,0.5,Tue,21.61
SHP02122,218.28,2.75,1,Clear,0.666,Express,6,5,1.01,Mon,21.83
SHP02123,219.55,7.39,5,Clear,0.827,Standard,4,6,4.14,Sat,34.92
SHP02124,143.21,13.72,2,Clear,0.853,Standard,3,9,2.5,Sun,23.71
SHP02125,201.86,1.78,5,Rain,0.86,Standard,7,10,1.35,Thu,34.12
SHP02126,28.56,1.38,1,Rain,0.498,Standard,5,9,1.19,Sun,18.64
SHP02127,226.58,4.31,3,Clear,0.475,Standard,2,10,3.38,Mon,23.33
SHP02128,133.93,1.35,1,Cloudy,0.734,Standard,3,7,2.54,Mon,16.02
SHP02129,63.08,1.33,3,Rain,0.832,Standard,6,2,0.7,Mon,23.05
SHP02130,58.03,0.79,2,Clear,0.557,Express,8,10,0.69,Tue,20.62
SHP02131,277.22,2.54,2,Clear,0.418,Standard,4,3,3.18,Fri,32.04
SHP02132,178.33,3.24,4,Clear,0.816,Standard,1,9,1.31,Thu,20.77
SHP02133,91.81,2.31,4,Clear,0.545,Standard,7,3,0.55,Thu,20.55
SHP02134,28.24,8.79,3,Cloudy,0.458,Standard,7,1,0.54,Sun,14.11
SHP02135,234.1,8.34,3,Clear,0.446,Standard,2,6,2.86,Tue,24.09
SHP02136,39.92,12.81,2,Clear,0.555,Standard,8,3,1.36,Sat,23.16
SHP02137,77.58,3.43,5,Storm,0.735,Express,3,3,3.56,Sun,26.4
SHP02138,91.71,7.6,3,Clear,0.583,Standard,5,7,2.24,Mon,21.35
SHP02139,57.31,4.12,3,Clear,0.363,Standard,5,5,1.55,Fri,19.97
SHP02140,88.67,3.84,5,Storm,0.413,Standard,3,5,2.14,Sun,24.03
SHP02141,102.14,2.39,4,Clear,0.539,Standard,5,10,6.68,Sun,32.87
SHP02142,87.3,0.68,4,Clear,0.779,Express,7,8,0.96,Wed,21.44
SHP02143,128.6,5.19,3,Rain,0.414,Express,7,3,4.58,Sun,24.63
SHP02144,283.8,7.45,4,Clear,0.714,Standard,7,8,3.2,Tue,36.83
SHP02145,29.63,1.14,4,Rain,0.428,Standard,3,0,1.41,Sat,21.2
SHP02146,114.98,3.3,4,Clear,0.488,Standard,2,10,3.2,Fri,27.88
SHP02147,40.31,6.65,2,Clear,0.462,Express,7,8,2.43,Sat,17.31
SHP02148,26.87,2.58,1,Clear,0.394,Standard,5,0,1.99,Tue,15.47
SHP02149,191.88,7.65,3,Clear,0.786,Standard,8,6,1.66,Tue,28.93
SHP02150,122.03,3.01,3,Cloudy,0.651,Standard,2,5,3.99,Wed,20.53
SHP02151,25.19,2.3,2,Cloudy,0.89,Standard,8,6,2.19,Sat,19.38
SHP02152,88.61,7.97,1,Rain,0.414,Standard,4,8,1.03,Fri,15.07
SHP02153,49.24,1.73,1,Rain,0.444,Standard,4,9,2.09,Sat,15.2
SHP02154,90.96,2.0,2,Clear,0.549,Standard,4,3,0.57,Sun,19.72
SHP02155,164.03,1.77,5,Rain,0.848,Standard,4,8,1.31,Sat,32.33
SHP02156,152.96,1.49,5,Cloudy,0.549,Express,5,2,3.13,Mon,22.81
SHP02157,75.87,3.7,1,Cloudy,0.615,Standard,3,9,0.92,Sat,11.46
SHP02158,197.83,2.32,5,Rain,0.546,Standard,5,10,8.25,Fri,35.0
SHP02159,247.01,4.67,5,Cloudy,0.402,Express,6,10,0.5,Sun,27.11
SHP02160,165.85,0.99,5,Clear,0.961,Express,5,8,1.63,Fri,27.02
SHP02161,66.29,1.51,1,Cloudy,0.707,Standard,2,0,3.35,Mon,19.33
SHP02162,93.2,3.44,5,Clear,0.862,Standard,3,4,0.59,Wed,20.63
SHP02163,278.09,9.29,3,Clear,0.778,Standard,8,9,3.39,Fri,40.46
SHP02164,80.32,4.33,1,Cloudy,0.684,Standard,7,4,3.23,Sat,16.83
SHP02165,153.29,2.2,2,Clear,0.408,Express,1,0,1.72,Sat,14.8
SHP02166,56.66,1.17,5,Clear,0.768,Standard,1,0,1.05,Mon,21.33
SHP02167,198.74,2.11,4,Clear,0.451,Standard,7,2,2.17,Tue,29.85
SHP02168,51.36,3.22,1,Cloudy,0.619,Standard,3,8,3.14,Tue,15.14
SHP02169,96.24,0.64,2,Clear,0.759,Standard,1,6,1.12,Sun,19.28
SHP02170,149.63,1.42,3,Cloudy,0.858,Standard,3,5,1.97,Mon,26.34
SHP02171,314.74,1.98,2,Clear,0.795,Standard,2,8,0.62,Tue,24.69
SHP02172,120.46,2.77,5,Clear,0.786,Standard,2,3,3.71,Fri,27.13
SHP02173,84.17,3.2,4,Clear,0.447,Standard,5,3,5.99,Mon,27.66
SHP02174,79.41,2.16,5,Cloudy,0.575,Standard,1,2,1.5,Sat,19.25
SHP02175,193.06,4.73,2,Clear,0.378,Standard,7,4,1.24,Sun,28.47
SHP02176,141.49,3.62,1,Storm,0.818,Standard,3,4,4.24,Sun,23.44
SHP02177,161.85,2.56,4,Rain,0.969,Standard,8,9,4.19,Fri,35.38
SHP02178,265.62,5.21,4,Rain,0.522,Standard,2,6,3.45,Thu,27.64
SHP02179,107.25,4.92,2,Rain,0.407,Standard,5,6,0.78,Wed,19.67
SHP02180,134.7,1.2,5,Clear,0.659,Express,1,5,0.5,Sat,17.71
SHP02181,78.58,3.25,2,Clear,0.907,Standard,1,3,1.91,Sat,16.85
SHP02182,54.87,6.19,4,Cloudy,0.709,Express,1,6,2.87,Wed,13.43
SHP02183,64.02,6.96,2,Cloudy,0.38,Standard,8,1,1.51,Wed,20.72
SHP02184,7.44,4.3,4,Rain,0.983,Standard,2,8,4.13,Mon,24.5
SHP02185,148.6,2.82,5,Cloudy,0.889,Standard,8,6,1.28,Thu,33.19
SHP02186,138.32,4.46,1,Storm,0.436,Standard,2,1,0.5,Wed,17.11
SHP02187,146.46,5.84,1,Clear,0.949,Express,1,9,1.5,Fri,20.92
SHP02188,51.87,3.6,2,Rain,0.643,Standard,2,1,2.69,Sat,18.34
SHP02189,64.92,3.9,4,Cloudy,0.592,Standard,1,5,0.91,Wed,17.67
SHP02190,63.24,2.79,1,Cloudy,0.65,Standard,4,10,2.51,Thu,23.05
SHP02191,211.53,1.3,4,Clear,0.892,Express,2,6,1.9,Fri,24.28
SHP02192,117.32,2.94,5,Rain,0.779,Standard,3,8,5.9,Fri,35.02
SHP02193,106.42,2.07,2,Rain,0.389,Standard,2,3,3.8,Mon,21.57
SHP02194,171.96,2.07,4,Clear,0.972,Standard,1,7,8.77,Mon,30.92
SHP02195,63.41,9.06,2,Cloudy,0.446,Standard,3,9,0.74,Tue,12.23
SHP02196,132.44,6.46,4,Clear,0.835,Standard,5,1,4.7,Thu,24.92
SHP02197,340.76,1.01,4,Storm,0.763,Standard,3,5,0.5,Sun,38.84
SHP02198,233.4,1.55,5,Clear,0.472,Express,3,3,4.01,Fri,33.52
SHP02199,131.06,2.57,2,Clear,0.461,Express,2,7,0.5,Thu,14.72
SHP02200,109.32,2.12,3,Clear,0.916,Express,6,8,3.35,Wed,23.61
SHP02201,145.6,4.15,4,Cloudy,0.623,Standard,3,1,2.53,Sun,26.67
SHP02202,254.35,1.39,4,Clear,0.775,Express,3,6,2.73,Sat,29.08
SHP02203,242.86,6.49,1,Cloudy,0.678,Standard,7,6,0.5,Wed,28.33
SHP02204,281.88,3.22,2,Rain,0.823,Standard,1,7,3.19,Sat,30.9
SHP02205,122.02,2.62,3,Rain,0.662,Express,2,4,0.5,Tue,18.49
SHP02206,12.23,3.29,5,Clear,0.537,Express,1,10,5.92,Fri,18.74
SHP02207,325.64,2.48,3,Storm,0.586,Standard,2,2,1.22,Sat,30.05
SHP02208,54.77,0.8,5,Cloudy,0.908,Express,8,0,1.6,Fri,15.25
SHP02209,170.08,3.35,3,Clear,0.654,Express,5,3,4.66,Sat,29.44
SHP02210,12.54,2.65,3,Clear,0.489,Standard,6,2,2.23,Tue,16.54
SHP02211,104.82,1.7,2,Clear,0.957,Standard,3,1,2.25,Wed,17.94
SHP02212,80.43,7.16,1,Rain,0.868,Standard,7,5,2.96,Fri,18.22
SHP02213,282.29,5.3,3,Clear,0.386,Standard,2,6,0.96,Sun,24.04
SHP02214,132.22,18.31,4,Clear,0.999,Standard,3,9,1.2,Sat,25.29
SHP02215,104.03,5.96,4,Cloudy,0.802,Standard,3,6,2.3,Thu,21.43
SHP02216,142.43,2.12,4,Cloudy,0.454,Standard,4,7,6.19,Fri,29.81
SHP02217,5.0,1.76,1,Rain,0.504,Standard,8,1,3.56,Sat,19.21
SHP02218,62.24,2.35,3,Cloudy,0.8,Standard,8,10,3.72,Sat,22.79
SHP02219,70.17,2.08,5,Clear,0.857,Standard,1,9,4.94,Wed,20.9
SHP02220,157.99,3.58,5,Rain,0.505,Express,8,5,4.14,Fri,28.02
SHP02221,45.01,1.13,2,Clear,0.517,Standard,8,5,3.44,Fri,25.81
SHP02222,118.33,5.22,1,Cloudy,0.55,Standard,8,9,1.89,Mon,26.61
SHP02223,96.84,3.54,3,Cloudy,0.739,Express,6,0,0.89,Sat,17.78
SHP02224,65.01,4.82,4,Clear,0.462,Express,7,1,1.01,Fri,13.88
SHP02225,68.47,1.49,1,Storm,0.418,Standard,2,8,4.42,Sat,21.22
SHP02226,96.19,3.95,1,Clear,0.791,Express,8,7,3.14,Tue,20.28
SHP02227,16.91,8.24,3,Clear,0.856,Standard,5,3,0.5,Tue,18.22
SHP02228,173.52,1.82,2,Rain,0.676,Standard,6,5,2.18,Thu,27.61
SHP02229,54.44,1.78,2,Cloudy,0.586,Standard,4,1,0.5,Fri,16.81
SHP02230,84.36,5.47,2,Cloudy,0.631,Standard,1,4,1.88,Thu,13.11
SHP02231,275.73,1.68,4,Clear,0.602,Standard,5,1,4.21,Wed,32.66
SHP02232,175.51,2.82,4,Rain,0.974,Standard,5,4,3.13,Sat,34.28
SHP02233,38.18,9.33,3,Clear,0.849,Standard,3,6,1.62,Wed,16.22
SHP02234,5.0,1.8,2,Clear,0.485,Standard,1,6,2.43,Mon,13.49
SHP02235,146.62,9.79,3,Clear,0.6,Standard,4,8,1.22,Mon,22.05
SHP02236,86.9,2.62,2,Clear,0.704,Standard,2,2,0.68,Fri,21.61
SHP02237,118.83,1.51,1,Cloudy,0.748,Standard,2,3,1.15,Fri,13.26
SHP02238,171.64,5.07,5,Clear,0.654,Standard,4,8,3.93,Thu,32.97
SHP02239,189.88,3.58,5,Clear,0.877,Standard,3,7,4.77,Thu,26.75
SHP02240,74.53,3.35,2,Clear,0.849,Standard,3,6,4.08,Fri,26.05
SHP02241,95.02,1.94,3,Cloudy,0.678,Standard,5,7,3.77,Sun,20.97
SHP02242,135.15,3.56,4,Rain,0.905,Standard,8,8,0.83,Fri,30.59
SHP02243,141.28,0.78,2,Clear,0.838,Express,1,3,1.74,Mon,12.72
SHP02244,118.01,3.87,2,Cloudy,0.856,Express,5,4,1.88,Mon,16.7
SHP02245,256.4,8.23,4,Clear,0.972,Express,8,8,1.44,Mon,35.64
SHP02246,140.2,0.96,2,Cloudy,0.523,Standard,7,6,0.9,Fri,25.27
SHP02247,169.96,2.5,1,Clear,0.524,Standard,7,3,2.52,Thu,22.66
SHP02248,125.11,1.8,4,Clear,0.928,Standard,2,5,2.45,Tue,25.56
SHP02249,44.72,1.15,1,Cloudy,0.852,Express,4,10,1.69,Tue,17.23
SHP02250,62.07,0.79,5,Rain,0.952,Standard,1,0,5.53,Thu,23.81
SHP02251,36.72,1.45,4,Clear,0.391,Standard,4,0,1.5,Thu,12.66
SHP02252,203.98,2.8,4,Cloudy,0.758,Standard,1,8,1.97,Sun,26.59
SHP02253,25.05,7.42,3,Cloudy,0.444,Standard,6,7,0.58,Thu,15.85
SHP02254,92.16,1.14,3,Rain,0.678,Standard,2,0,3.47,Mon,22.93
SHP02255,77.73,4.08,4,Clear,0.451,Standard,2,10,4.66,Wed,23.54
SHP02256,76.16,3.87,5,Clear,0.433,Express,6,1,0.51,Sun,17.91
SHP02257,81.37,10.7,2,Rain,0.358,Standard,1,3,2.97,Fri,20.48
SHP02258,287.52,4.95,3,Clear,0.76,Standard,3,0,1.62,Mon,30.43
SHP02259,15.6,5.16,5,Clear,0.583,Standard,1,1,3.61,Tue,20.78
SHP02260,236.07,5.42,5,Clear,0.418,Standard,2,4,2.57,Fri,27.8
SHP02261,86.72,1.74,3,Rain,0.56,Standard,7,7,2.58,Thu,26.37
SHP02262,181.75,2.22,2,Clear,0.46,Standard,4,5,2.45,Sat,24.5
SHP02263,108.78,7.26,3,Rain,0.962,Standard,5,5,6.46,Sun,32.33
SHP02264,40.26,0.79,5,Clear,0.558,Standard,4,3,0.68,Sun,24.13
SHP02265,250.68,2.06,1,Clear,0.567,Standard,2,1,0.5,Tue,20.63
SHP02266,226.21,1.31,3,Clear,0.896,Standard,4,2,3.5,Thu,26.52
SHP02267,43.01,3.91,5,Clear,0.771,Standard,3,5,0.83,Sat,18.18
SHP02268,154.23,2.47,3,Cloudy,0.812,Express,3,5,3.67,Thu,26.23
SHP02269,64.41,5.15,5,Cloudy,0.763,Standard,7,4,3.4,Thu,28.08
SHP02270,26.16,3.08,2,Clear,0.965,Standard,1,5,1.13,Fri,19.48
SHP02271,54.56,1.12,5,Clear,0.485,Standard,8,10,10.0,Tue,26.83
SHP02272,241.33,1.16,4,Cloudy,0.993,Standard,4,5,5.26,Tue,36.32
SHP02273,184.69,3.31,1,Rain,0.89,Standard,4,0,2.02,Thu,22.45
SHP02274,82.11,1.94,5,Cloudy,0.733,Standard,2,5,2.49,Mon,22.64
SHP02275,242.07,2.29,3,Rain,0.781,Standard,1,4,4.49,Wed,26.97
SHP02276,215.11,6.4,3,Clear,0.772,Express,1,7,0.74,Sat,25.16
SHP02277,54.63,5.65,5,Rain,0.388,Standard,4,8,2.98,Mon,26.58
SHP02278,280.27,11.69,4,Clear,0.492,Standard,5,5,1.99,Fri,28.97
SHP02279,77.13,2.66,5,Clear,0.975,Standard,4,9,5.38,Sat,30.05
SHP02280,85.49,2.12,2,Rain,0.697,Standard,4,3,0.5,Wed,20.02
SHP02281,16.07,4.45,4,Rain,0.596,Standard,4,2,2.61,Mon,21.55
SHP02282,63.44,2.24,5,Cloudy,0.845,Standard,3,9,0.73,Sat,26.49
SHP02283,92.69,2.29,1,Clear,0.691,Express,6,0,3.02,Sun,16.41
SHP02284,127.57,2.88,4,Clear,0.359,Standard,1,6,2.23,Tue,13.75
SHP02285,40.39,10.56,5,Clear,0.829,Standard,6,4,2.42,Mon,26.07
SHP02286,56.74,5.43,1,Rain,0.826,Standard,3,3,3.82,Thu,19.36
SHP02287,284.18,5.85,5,Clear,0.457,Standard,5,8,3.23,Fri,35.72
SHP02288,205.93,10.23,2,Rain,0.972,Standard,8,6,1.24,Mon,34.1
SHP02289,230.97,6.24,3,Clear,0.496,Express,2,9,0.5,Sat,17.3
SHP02290,98.52,1.5,5,Rain,0.648,Express,7,7,0.5,Mon,24.58
SHP02291,130.21,6.18,4,Rain,0.425,Express,5,3,1.29,Sat,20.93
SHP02292,156.55,6.75,5,Clear,0.742,Standard,1,9,2.46,Wed,22.54
SHP02293,281.55,5.24,5,Clear,0.594,Standard,2,9,2.08,Thu,31.0
SHP02294,25.6,2.9,5,Rain,0.58,Standard,6,7,2.52,Sun,26.83
SHP02295,68.64,4.87,5,Clear,0.888,Express,5,3,4.6,Wed,25.55
SHP02296,122.08,3.27,4,Cloudy,0.356,Standard,1,0,1.35,Sun,17.24
SHP02297,109.27,1.67,4,Cloudy,0.869,Standard,7,10,3.65,Fri,29.15
SHP02298,56.15,1.99,5,Clear,0.721,Standard,8,7,2.39,Fri,29.32
SHP02299,147.53,5.43,3,Rain,0.991,Standard,8,0,4.91,Sat,34.67
SHP02300,70.81,1.76,5,Clear,0.733,Standard,7,2,2.59,Thu,23.65
SHP02301,103.63,1.88,4,Rain,0.386,Standard,5,6,6.02,Wed,25.66
SHP02302,143.11,5.63,2,Clear,0.383,Express,2,2,3.43,Thu,12.35
SHP02303,73.46,3.65,5,Cloudy,0.924,Express,2,7,4.26,Wed,22.27
SHP02304,174.62,4.97,5,Clear,0.897,Standard,5,4,1.3,Sat,24.93
SHP02305,196.06,1.4,5,Clear,0.575,Express,3,2,4.84,Sat,34.24
SHP02306,57.92,4.88,5,Clear,0.752,Standard,5,4,6.08,Sat,26.19
SHP02307,70.41,2.09,1,Cloudy,0.668,Express,6,4,3.16,Tue,19.83
SHP02308,45.83,1.63,5,Cloudy,0.979,Standard,5,7,1.75,Thu,29.29
SHP02309,101.97,2.33,4,Rain,0.967,Standard,5,8,4.35,Sun,30.31
SHP02310,127.51,8.61,4,Clear,0.989,Standard,3,5,3.62,Fri,27.26
SHP02311,79.0,2.57,1,Cloudy,0.913,Standard,4,9,7.27,Wed,19.85
SHP02312,125.04,15.5,5,Cloudy,0.941,Standard,2,2,3.08,Tue,26.16
SHP02313,68.96,0.78,3,Clear,0.491,Standard,6,1,2.01,Fri,24.3
SHP02314,70.73,1.12,5,Clear,0.89,Express,1,10,2.36,Wed,21.17
SHP02315,132.12,8.39,4,Clear,0.811,Standard,2,2,1.1,Tue,22.28
SHP02316,74.43,10.0,2,Clear,0.976,Standard,2,8,1.71,Fri,23.32
SHP02317,98.0,1.81,2,Clear,0.721,Express,4,6,0.5,Fri,18.38
SHP02318,135.37,3.48,3,Cloudy,0.405,Standard,2,10,1.95,Tue,20.17
SHP02319,123.77,5.47,5,Clear,0.738,Standard,2,10,4.41,Fri,28.83
SHP02320,69.73,2.83,1,Cloudy,0.796,Standard,3,8,7.76,Wed,20.02
SHP02321,209.17,3.69,5,Rain,0.493,Standard,3,5,1.64,Sun,27.79
SHP02322,5.0,3.35,3,Cloudy,0.606,Standard,3,7,3.33,Wed,16.61
SHP02323,151.85,1.18,3,Cloudy,0.739,Standard,3,9,2.01,Fri,25.84
SHP02324,122.09,2.61,3,Clear,0.593,Standard,3,10,1.61,Mon,18.04
SHP02325,40.6,3.35,2,Rain,0.594,Standard,8,8,0.87,Sat,21.38
SHP02326,111.2,3.57,5,Clear,0.437,Standard,6,2,5.71,Tue,27.03
SHP02327,62.43,0.99,5,Cloudy,0.961,Express,1,6,0.5,Mon,16.66
SHP02328,144.45,5.63,1,Storm,0.838,Express,4,8,2.94,Wed,22.43
SHP02329,5.0,3.64,3,Cloudy,0.351,Standard,5,1,0.63,Fri,8.45
SHP02330,84.58,1.59,3,Cloudy,0.848,Standard,7,6,1.38,Thu,20.75
SHP02331,67.31,11.7,4,Clear,0.831,Standard,6,4,5.51,Sun,25.01
SHP02332,175.05,2.6,4,Clear,0.356,Standard,3,7,0.84,Thu,21.63
SHP02333,16.75,2.73,2,Rain,0.59,Standard,4,3,2.74,Sat,11.74
SHP02334,106.12,5.2,5,Clear,0.744,Express,5,0,4.85,Mon,27.06
SHP02335,150.6,12.41,1,Cloudy,0.644,Standard,2,10,2.87,Mon,24.41
SHP02336,314.92,5.35,1,Clear,0.856,Standard,8,9,2.97,Mon,33.08
SHP02337,70.55,5.92,3,Rain,0.627,Standard,8,7,2.84,Wed,26.51
SHP02338,129.03,1.65,1,Clear,0.45,Standard,6,5,4.19,Sat,20.66
SHP02339,18.02,3.53,3,Clear,0.985,Standard,2,7,4.76,Sun,16.31
SHP02340,102.25,2.29,5,Cloudy,0.507,Standard,4,2,2.62,Sat,25.03
SHP02341,219.13,5.44,1,Clear,0.817,Standard,1,7,2.31,Wed,23.61
SHP02342,316.86,5.8,3,Clear,0.443,Standard,1,7,0.6,Sat,23.66
SHP02343,137.54,10.42,5,Clear,0.564,Express,8,0,1.12,Sun,24.68
SHP02344,24.08,0.73,5,Clear,0.637,Standard,4,3,2.8,Fri,20.82
SHP02345,241.93,2.14,3,Clear,0.475,Express,7,6,0.5,Wed,32.55
SHP02346,24.31,8.25,3,Clear,0.642,Standard,7,10,1.03,Fri,21.2
SHP02347,37.09,1.24,2,Cloudy,0.452,Express,1,0,1.66,Fri,5.45
SHP02348,255.17,5.84,5,Clear,0.713,Standard,7,2,0.76,Mon,26.83
SHP02349,96.9,7.34,3,Storm,0.781,Standard,1,2,1.05,Thu,23.9
SHP02350,64.41,3.25,5,Clear,0.391,Express,2,5,2.96,Sun,26.01
SHP02351,164.63,1.23,1,Clear,0.916,Standard,7,4,1.98,Mon,23.18
SHP02352,115.51,3.05,4,Clear,0.47,Standard,1,10,3.54,Wed,20.85
SHP02353,206.53,9.22,4,Rain,0.496,Standard,1,6,1.59,Tue,27.43
SHP02354,119.32,9.75,3,Clear,0.78,Standard,4,2,1.96,Wed,19.86
SHP02355,121.26,3.84,3,Cloudy,0.655,Standard,1,10,2.57,Sun,14.59
SHP02356,201.79,1.68,5,Clear,0.675,Standard,7,0,1.11,Thu,31.92
SHP02357,95.93,11.21,3,Clear,0.433,Standard,8,10,3.09,Wed,23.1
SHP02358,49.36,5.9,5,Rain,0.874,Standard,8,2,0.88,Thu,29.22
SHP02359,170.97,1.75,3,Clear,0.751,Standard,7,7,1.22,Tue,23.65
SHP02360,82.27,4.22,5,Clear,0.438,Standard,6,4,1.41,Tue,23.25
SHP02361,126.11,4.09,3,Rain,0.593,Standard,3,2,1.29,Sat,24.96
SHP02362,13.87,2.13,2,Cloudy,0.877,Express,3,7,2.25,Fri,18.11
SHP02363,93.05,4.24,5,Rain,0.719,Standard,4,5,1.29,Sun,26.39
SHP02364,68.13,7.2,2,Cloudy,0.421,Standard,3,2,1.85,Wed,16.14
SHP02365,13.36,2.7,2,Cloudy,0.592,Standard,2,4,4.56,Fri,18.58
SHP02366,95.24,7.74,2,Rain,0.508,Standard,6,0,4.83,Mon,25.88
SHP02367,97.63,0.97,2,Clear,0.686,Standard,6,5,0.5,Sun,15.58
SHP02368,132.52,15.69,1,Rain,0.898,Standard,4,8,2.96,Mon,21.73
SHP02369,216.75,3.46,4,Cloudy,0.634,Standard,7,6,0.5,Mon,23.68
SHP02370,194.52,7.04,1,Clear,0.632,Express,1,10,3.11,Sat,22.66
SHP02371,71.97,3.87,3,Clear,0.938,Standard,3,7,4.07,Mon,22.05
SHP02372,117.26,1.87,3,Clear,0.725,Standard,2,5,1.47,Mon,22.54
SHP02373,145.82,3.24,4,Cloudy,0.718,Standard,7,10,4.92,Wed,31.94
SHP02374,73.61,0.87,4,Clear,0.52,Standard,4,4,1.14,Fri,17.15
SHP02375,26.65,5.38,4,Storm,0.745,Standard,7,5,4.4,Fri,28.83
SHP02376,87.78,3.8,2,Clear,0.724,Standard,4,6,3.99,Thu,19.55
SHP02377,222.65,2.9,1,Cloudy,0.608,Standard,1,8,0.56,Mon,18.71
SHP02378,25.36,5.62,3,Clear,0.994,Standard,5,7,1.57,Tue,22.32
SHP02379,45.03,3.41,1,Cloudy,0.923,Standard,8,4,0.5,Thu,24.88
SHP02380,53.89,5.08,1,Cloudy,0.837,Standard,3,6,0.77,Thu,17.97
SHP02381,45.49,6.51,1,Cloudy,0.699,Express,2,7,5.02,Wed,15.32
SHP02382,165.12,2.26,4,Rain,0.65,Express,4,0,3.09,Thu,28.67
SHP02383,62.23,1.85,4,Rain,0.47,Standard,7,7,1.28,Tue,27.85
SHP02384,168.08,0.99,3,Clear,0.549,Standard,3,10,0.5,Fri,18.28
SHP02385,106.04,3.62,3,Clear,0.853,Standard,7,6,0.5,Thu,26.15
SHP02386,19.43,4.56,3,Cloudy,0.645,Standard,2,10,1.87,Wed,18.57
SHP02387,74.88,1.31,1,Clear,0.923,Standard,6,1,5.2,Sun,25.12
SHP02388,198.32,8.97,4,Clear,0.446,Standard,6,1,3.68,Mon,31.94
SHP02389,114.72,1.87,2,Cloudy,0.68,Standard,8,5,1.93,Tue,22.23
SHP02390,79.4,0.76,1,Clear,0.771,Express,8,2,1.93,Mon,23.44
SHP02391,224.37,9.45,5,Clear,0.686,Standard,2,0,2.6,Sat,30.91
SHP02392,41.15,0.83,1,Rain,0.928,Standard,8,7,4.6,Thu,22.03
SHP02393,64.1,6.52,4,Clear,0.993,Standard,6,6,0.93,Fri,25.58
SHP02394,186.29,5.5,5,Clear,0.425,Express,4,3,2.57,Wed,27.71
SHP02395,162.85,4.15,1,Clear,0.434,Standard,3,0,0.74,Sun,17.05
SHP02396,38.09,2.3,4,Rain,0.435,Express,2,1,2.42,Tue,17.44
SHP02397,142.47,4.72,4,Storm,0.793,Standard,4,8,1.91,Fri,30.5
SHP02398,61.4,6.92,2,Cloudy,0.592,Standard,3,3,0.5,Tue,13.31
SHP02399,12.57,1.67,1,Clear,0.827,Express,3,2,2.6,Wed,8.75
SHP02400,80.62,6.58,4,Rain,0.614,Standard,4,7,1.42,Wed,18.92
SHP02401,329.69,6.37,3,Cloudy,0.758,Express,3,3,1.57,Thu,33.01
SHP02402,200.57,4.08,4,Rain,0.85,Standard,5,6,1.02,Tue,28.92
SHP02403,99.15,2.28,2,Cloudy,0.706,Express,2,4,2.38,Sat,7.75
SHP02404,23.76,6.39,4,Clear,0.701,Standard,2,4,2.26,Sat,20.31
SHP02405,13.08,4.74,1,Clear,0.407,Standard,3,10,3.56,Thu,14.75
SHP02406,106.28,1.63,1,Clear,0.617,Standard,4,5,2.81,Tue,12.6
SHP02407,136.13,2.57,5,Clear,0.705,Standard,1,3,1.03,Tue,19.86
SHP02408,166.4,5.89,1,Rain,0.65,Express,8,1,3.69,Mon,22.63
SHP02409,153.83,3.6,5,Rain,0.936,Standard,6,5,4.32,Thu,31.33
SHP02410,162.73,7.1,3,Cloudy,0.939,Standard,3,4,1.16,Tue,27.38
SHP02411,124.89,2.61,2,Clear,0.884,Standard,1,2,1.66,Tue,17.55
SHP02412,221.25,1.65,3,Clear,0.594,Standard,3,3,1.39,Wed,22.41
SHP02413,68.02,15.42,5,Clear,0.816,Standard,1,2,2.19,Sun,25.97
SHP02414,105.12,1.02,4,Clear,0.607,Standard,3,2,1.08,Mon,22.0
SHP02415,19.51,2.34,4,Clear,0.501,Standard,4,3,3.51,Sat,15.25
SHP02416,66.86,4.04,3,Cloudy,0.573,Express,6,1,0.88,Sat,16.46
SHP02417,196.99,6.62,4,Clear,0.396,Standard,7,3,1.55,Wed,27.89
SHP02418,159.26,5.22,5,Storm,0.566,Express,7,9,2.74,Sun,29.95
SHP02419,7.68,16.74,2,Clear,0.649,Standard,1,10,2.19,Sun,21.22
SHP02420,345.26,3.06,1,Rain,0.971,Standard,8,1,2.27,Thu,34.5
SHP02421,114.93,1.8,5,Clear,0.554,Standard,8,9,0.79,Sat,25.39
SHP02422,116.48,2.85,5,Clear,0.937,Standard,5,7,1.92,Thu,23.84
SHP02423,63.45,2.65,1,Rain,0.499,Standard,4,9,4.19,Tue,21.81
SHP02424,75.18,3.17,1,Cloudy,0.474,Express,6,4,3.38,Fri,15.4
SHP02425,114.02,1.67,2,Clear,0.687,Standard,3,6,1.69,Sun,20.17
SHP02426,153.23,5.75,2,Clear,0.787,Express,1,10,2.16,Sun,16.21
SHP02427,129.02,4.3,2,Clear,0.379,Standard,8,3,2.48,Wed,22.04
SHP02428,67.61,1.37,4,Cloudy,0.494,Standard,6,9,4.96,Sun,24.1
SHP02429,48.77,6.54,5,Rain,0.646,Standard,2,5,1.47,Thu,20.85
SHP02430,45.92,1.88,1,Clear,0.565,Express,8,9,3.35,Sun,15.38
SHP02431,207.09,1.45,5,Clear,0.813,Standard,4,3,2.18,Tue,32.07
SHP02432,191.06,3.53,5,Rain,0.682,Express,1,5,4.19,Tue,26.54
SHP02433,143.81,0.97,2,Clear,0.454,Standard,4,0,4.48,Wed,20.64
SHP02434,206.12,5.02,2,Cloudy,0.931,Standard,1,5,2.29,Sun,24.06
SHP02435,93.54,0.46,5,Clear,0.54,Standard,7,5,1.29,Sat,29.97
SHP02436,180.36,1.62,2,Cloudy,0.825,Express,2,1,4.1,Tue,24.08
SHP02437,148.91,10.0,4,Clear,0.857,Standard,5,9,2.12,Mon,30.72
SHP02438,183.58,2.05,1,Clear,0.976,Standard,2,9,0.65,Sat,16.87
SHP02439,41.9,2.32,5,Clear,0.674,Express,3,8,0.5,Fri,16.55
SHP02440,6.12,8.1,1,Cloudy,0.75,Standard,4,5,2.13,Wed,17.71
SHP02441,123.65,1.91,4,Cloudy,0.568,Express,5,10,0.5,Wed,17.7
SHP02442,78.49,5.67,2,Cloudy,0.791,Express,4,6,1.41,Wed,16.91
SHP02443,9.91,7.55,3,Cloudy,0.651,Standard,6,1,4.3,Tue,17.68
SHP02444,228.85,4.64,4,Clear,0.634,Express,1,1,4.84,Tue,23.37
SHP02445,191.41,1.21,3,Clear,0.906,Standard,3,1,4.3,Wed,31.1
SHP02446,131.31,2.18,1,Rain,0.383,Standard,3,9,2.16,Wed,20.66
SHP02447,51.39,22.19,5,Clear,0.923,Standard,4,10,1.03,Mon,28.67
SHP02448,18.56,2.36,2,Clear,0.904,Standard,7,8,4.61,Thu,23.79
SHP02449,9.72,26.85,4,Clear,0.679,Standard,3,2,2.41,Sat,21.13
SHP02450,66.46,10.98,2,Clear,0.669,Standard,8,3,0.63,Sat,18.89
SHP02451,164.34,4.77,3,Clear,0.585,Standard,4,0,2.26,Mon,22.43
SHP02452,79.14,4.09,3,Rain,0.996,Standard,1,0,4.13,Wed,21.58
SHP02453,145.02,2.4,5,Rain,0.422,Standard,1,3,0.5,Sun,28.0
SHP02454,149.97,3.12,3,Rain,0.734,Standard,4,1,1.87,Tue,20.47
SHP02455,162.73,2.05,5,Rain,0.793,Express,2,7,5.24,Tue,27.57
SHP02456,15.07,3.18,4,Rain,0.957,Standard,2,3,2.16,Wed,17.29
SHP02457,55.42,1.28,5,Clear,0.857,Standard,1,2,0.8,Thu,21.74
SHP02458,143.19,1.23,3,Clear,0.769,Standard,5,2,3.82,Fri,31.0
SHP02459,261.2,8.25,1,Rain,0.426,Standard,8,5,3.14,Fri,31.53
SHP02460,215.56,1.07,5,Clear,0.593,Standard,2,5,2.41,Mon,29.35
SHP02461,126.6,6.17,2,Clear,0.44,Standard,4,5,0.82,Sat,19.57
SHP02462,230.42,0.88,1,Clear,0.923,Standard,1,5,2.66,Thu,23.67
SHP02463,125.93,5.16,5,Clear,0.837,Standard,3,7,3.35,Fri,30.18
SHP02464,24.64,2.87,2,Clear,0.842,Standard,3,7,0.63,Thu,15.68
SHP02465,160.88,8.37,1,Clear,0.774,Standard,7,8,2.58,Tue,25.74
SHP02466,220.39,2.63,5,Clear,0.68,Express,8,0,1.73,Tue,31.53
SHP02467,313.77,0.81,4,Rain,0.447,Standard,2,9,0.5,Sun,25.53
SHP02468,64.96,2.91,2,Cloudy,0.564,Standard,5,7,1.8,Thu,18.1
SHP02469,37.98,3.71,4,Rain,0.439,Standard,6,4,1.51,Wed,21.71
SHP02470,180.71,3.03,3,Clear,0.821,Standard,2,2,1.95,Fri,25.02
SHP02471,137.36,4.97,5,Clear,0.454,Express,5,10,1.36,Fri,24.08
SHP02472,128.92,2.24,5,Cloudy,0.806,Standard,2,9,0.5,Tue,24.4
SHP02473,232.51,1.37,2,Clear,0.8,Standard,3,2,5.05,Sun,25.71
SHP02474,180.24,1.65,5,Cloudy,0.649,Standard,5,5,9.38,Sun,31.56
SHP02475,146.34,2.31,3,Rain,0.438,Standard,3,7,1.55,Sat,26.26
SHP02476,71.77,2.3,5,Cloudy,0.555,Standard,8,9,2.13,Mon,23.88
SHP02477,170.66,17.89,1,Rain,0.558,Express,7,1,9.24,Fri,30.71
SHP02478,36.52,7.99,4,Clear,0.805,Standard,4,8,0.81,Tue,17.84
SHP02479,125.68,5.37,3,Clear,0.424,Standard,4,4,1.29,Sun,24.95
SHP02480,100.14,4.54,3,Cloudy,0.889,Standard,1,4,2.9,Tue,20.62
SHP02481,23.41,4.1,4,Clear,0.845,Standard,3,0,2.5,Thu,17.95
SHP02482,137.64,4.11,4,Clear,0.471,Standard,3,5,4.15,Thu,26.59
SHP02483,65.07,3.72,3,Clear,0.817,Standard,7,10,3.2,Sat,31.25
SHP02484,135.34,3.41,4,Clear,0.785,Standard,1,10,5.52,Thu,27.63
SHP02485,46.21,0.77,2,Clear,0.836,Standard,8,4,2.72,Mon,20.31
SHP02486,181.44,2.56,4,Clear,0.473,Standard,4,6,0.65,Sun,26.23
SHP02487,287.33,2.81,1,Cloudy,0.452,Standard,4,6,1.56,Fri,21.19
SHP02488,36.54,1.97,1,Cloudy,0.504,Standard,5,3,3.82,Mon,17.05
SHP02489,46.16,2.25,2,Cloudy,0.588,Standard,5,4,1.81,Sun,23.03
SHP02490,30.88,4.1,4,Cloudy,0.866,Standard,6,9,2.62,Mon,24.72
SHP02491,87.41,5.68,1,Clear,0.83,Standard,7,7,2.65,Thu,21.22
SHP02492,133.9,4.09,5,Clear,0.952,Express,4,1,1.18,Sat,24.86
SHP02493,163.78,5.58,4,Clear,0.388,Express,6,0,1.5,Tue,21.17
SHP02494,123.95,5.65,2,Rain,0.358,Express,2,5,2.43,Wed,18.11
SHP02495,160.45,2.69,4,Cloudy,0.804,Express,3,10,3.7,Tue,27.99
SHP02496,97.53,4.8,3,Clear,0.532,Standard,5,3,0.67,Tue,18.17
SHP02497,64.46,0.98,3,Clear,0.567,Express,2,9,2.2,Tue,8.53
SHP02498,47.19,2.54,1,Storm,0.705,Express,5,2,4.78,Tue,21.29
SHP02499,89.87,2.34,3,Cloudy,0.417,Standard,1,6,2.08,Mon,24.01
SHP02500,48.22,9.7,2,Rain,0.768,Standard,3,7,2.97,Thu,19.08
SHP02501,131.13,4.2,1,Clear,0.561,Standard,6,10,5.45,Thu,19.74
SHP02502,48.9,1.3,2,Clear,0.761,Express,8,3,2.41,Tue,19.82
SHP02503,70.21,5.03,2,Rain,0.892,Standard,6,9,5.34,Wed,30.79
SHP02504,206.41,6.28,3,Cloudy,0.461,Express,8,10,1.58,Fri,28.91
SHP02505,219.33,3.12,3,Cloudy,0.955,Standard,8,10,4.41,Tue,38.86
SHP02506,214.89,5.38,2,Cloudy,0.695,Standard,5,5,2.61,Tue,28.52
SHP02507,98.73,0.58,3,Cloudy,0.95,Standard,4,10,2.66,Wed,25.3
SHP02508,66.58,0.5,3,Cloudy,0.485,Express,7,10,2.98,Mon,19.66
SHP02509,145.09,1.45,3,Clear,0.743,Standard,6,1,2.62,Tue,25.09
SHP02510,49.79,3.69,4,Clear,0.613,Express,1,7,2.7,Wed,16.26
SHP02511,169.17,9.7,2,Rain,0.853,Express,1,5,6.68,Mon,26.54
SHP02512,61.82,1.51,5,Clear,0.744,Standard,4,10,3.07,Mon,24.34
SHP02513,87.08,1.83,2,Clear,0.671,Standard,1,8,4.47,Sat,20.64
SHP02514,171.68,3.53,1,Cloudy,0.943,Standard,7,10,1.15,Sun,21.44
SHP02515,17.62,2.35,3,Storm,0.595,Standard,3,5,0.51,Sun,21.03
SHP02516,63.99,2.26,3,Clear,0.493,Standard,5,5,0.56,Sat,16.02
SHP02517,133.07,2.47,5,Clear,0.745,Standard,1,1,0.73,Sat,22.14
SHP02518,153.13,8.33,1,Rain,0.756,Standard,3,4,5.42,Tue,25.87
SHP02519,136.71,7.25,4,Rain,0.635,Express,4,8,0.53,Sun,21.04
SHP02520,86.26,3.38,2,Cloudy,0.666,Standard,5,0,1.94,Mon,14.0
SHP02521,183.21,10.57,4,Clear,0.974,Standard,4,3,7.81,Tue,32.87
SHP02522,45.83,4.74,1,Clear,0.826,Standard,5,9,3.48,Tue,14.54
SHP02523,44.12,7.45,5,Cloudy,0.422,Express,7,9,1.4,Thu,23.49
SHP02524,132.18,1.82,1,Rain,0.488,Express,1,2,1.08,Fri,11.41
SHP02525,41.42,2.1,5,Rain,0.984,Standard,1,0,1.63,Fri,26.27
SHP02526,293.59,2.09,4,Clear,0.822,Express,5,0,2.72,Thu,30.33
SHP02527,65.48,3.12,4,Clear,0.945,Express,3,0,1.69,Sun,19.05
SHP02528,180.97,3.46,1,Clear,0.548,Standard,3,0,3.48,Tue,14.68
SHP02529,35.23,4.17,1,Storm,0.832,Standard,3,1,6.49,Wed,22.54
SHP02530,255.01,13.21,3,Cloudy,0.814,Standard,2,10,1.23,Mon,29.04
SHP02531,103.73,5.5,5,Clear,0.542,Standard,6,4,6.7,Thu,26.2
SHP02532,64.05,2.32,3,Clear,0.708,Standard,6,1,2.47,Sat,21.87
SHP02533,81.79,3.31,2,Cloudy,0.758,Standard,6,3,1.65,Thu,18.75
SHP02534,56.02,9.52,2,Clear,0.663,Standard,3,8,1.07,Thu,15.79
SHP02535,86.9,5.74,1,Rain,0.888,Express,1,2,3.18,Sun,16.94
SHP02536,37.19,9.43,4,Cloudy,0.891,Standard,7,1,1.3,Sun,22.04
SHP02537,65.72,2.37,2,Clear,0.903,Express,2,3,3.39,Thu,16.69
SHP02538,178.69,2.02,2,Clear,0.872,Standard,8,8,2.19,Fri,27.6
SHP02539,119.23,2.04,3,Rain,0.667,Standard,8,3,1.52,Tue,26.64
SHP02540,45.03,2.51,3,Clear,0.598,Standard,3,4,2.16,Thu,15.45
SHP02541,89.16,1.58,2,Clear,0.89,Standard,1,3,3.1,Thu,14.87
SHP02542,220.95,4.08,1,Rain,0.669,Express,2,7,1.96,Thu,19.3
SHP02543,71.85,4.13,3,Rain,0.51,Express,1,3,1.3,Wed,19.02
SHP02544,41.02,8.48,2,Rain,0.68,Standard,5,1,1.15,Wed,20.49
SHP02545,149.38,0.97,4,Clear,0.442,Express,1,3,3.63,Mon,24.37
SHP02546,10.67,1.71,3,Clear,0.8,Standard,2,1,0.82,Tue,17.34
SHP02547,83.19,5.84,2,Clear,0.568,Standard,3,8,1.21,Thu,15.54
SHP02548,233.48,3.78,5,Clear,0.519,Standard,6,10,0.51,Mon,31.69
SHP02549,87.28,3.43,3,Rain,0.972,Standard,2,7,2.08,Sun,23.04
SHP02550,190.45,8.04,5,Clear,0.855,Standard,3,8,0.93,Sat,31.24
SHP02551,40.52,1.64,3,Cloudy,0.862,Standard,3,3,1.95,Mon,18.07
SHP02552,84.76,1.99,3,Clear,0.755,Standard,7,0,2.0,Sat,23.14
SHP02553,78.85,1.84,5,Clear,0.895,Standard,4,2,2.09,Sat,25.04
SHP02554,143.99,0.81,1,Storm,0.843,Standard,8,6,1.41,Tue,27.79
SHP02555,107.85,3.64,2,Clear,0.739,Express,7,0,3.61,Wed,22.38
SHP02556,253.61,2.3,1,Clear,0.975,Standard,5,10,1.69,Tue,26.97
SHP02557,68.78,1.99,1,Clear,0.475,Standard,4,7,1.23,Mon,15.34
SHP02558,106.92,1.75,2,Clear,0.963,Standard,6,8,0.56,Sat,22.83
SHP02559,81.11,3.28,4,Clear,0.611,Standard,2,7,4.02,Tue,26.58
SHP02560,101.42,1.9,1,Clear,0.693,Standard,4,4,1.36,Wed,11.37
SHP02561,94.92,3.88,1,Cloudy,0.43,Standard,6,10,3.43,Mon,18.1
SHP02562,49.38,4.58,1,Rain,0.701,Express,3,8,1.63,Tue,16.24
SHP02563,172.27,2.7,4,Clear,0.747,Express,2,3,6.93,Sun,28.35
SHP02564,60.25,2.58,3,Clear,0.999,Standard,4,8,6.77,Sun,26.92
SHP02565,56.85,3.78,5,Cloudy,0.984,Standard,1,0,2.72,Thu,23.77
SHP02566,24.83,3.25,5,Clear,0.978,Standard,6,10,2.74,Thu,25.74
SHP02567,67.24,8.42,4,Cloudy,0.576,Standard,6,2,2.54,Tue,21.49
SHP02568,59.62,4.15,1,Cloudy,0.994,Standard,5,3,1.68,Tue,19.49
SHP02569,13.44,7.15,5,Clear,0.646,Standard,8,10,3.8,Sat,27.26
SHP02570,86.63,5.09,4,Rain,0.904,Standard,1,9,2.11,Sun,22.69
SHP02571,246.41,1.32,2,Rain,0.491,Standard,2,0,0.83,Sat,25.86
SHP02572,29.54,2.25,5,Rain,0.679,Express,4,5,1.79,Wed,21.96
SHP02573,100.09,3.21,2,Clear,0.978,Standard,3,3,0.86,Mon,19.64
SHP02574,85.09,6.1,1,Cloudy,0.966,Standard,4,3,0.81,Tue,22.15
SHP02575,157.32,12.8,5,Rain,0.794,Standard,8,0,1.15,Mon,36.05
SHP02576,165.12,2.37,4,Clear,0.869,Standard,7,4,6.17,Thu,35.19
SHP02577,364.65,3.45,3,Rain,0.465,Standard,8,8,2.97,Mon,45.7
SHP02578,122.29,5.81,5,Clear,0.819,Express,2,5,1.79,Fri,22.83
SHP02579,53.41,3.19,5,Clear,0.752,Standard,2,7,1.67,Sun,20.06
SHP02580,65.76,10.49,5,Cloudy,0.41,Standard,2,10,2.3,Wed,24.27
SHP02581,71.17,1.29,5,Cloudy,0.424,Standard,2,3,1.37,Sun,19.19
SHP02582,61.6,5.34,4,Rain,0.42,Standard,7,8,3.09,Wed,24.99
SHP02583,285.54,5.3,4,Rain,0.821,Standard,6,6,2.43,Mon,33.55
SHP02584,159.9,7.44,3,Clear,0.442,Express,4,6,2.87,Wed,23.16
SHP02585,143.15,3.47,4,Clear,0.654,Standard,1,7,1.7,Mon,18.61
SHP02586,42.04,6.2,4,Rain,0.582,Standard,3,1,7.88,Mon,26.46
SHP02587,164.02,2.79,1,Clear,0.708,Express,3,5,0.86,Thu,16.27
SHP02588,210.2,1.89,1,Cloudy,0.809,Standard,5,6,3.13,Sun,24.59
SHP02589,86.25,1.71,2,Clear,0.795,Standard,6,2,1.44,Mon,15.08
SHP02590,65.16,1.21,3,Clear,0.685,Standard,2,7,2.41,Wed,12.92
SHP02591,257.62,2.44,1,Clear,0.652,Standard,8,0,2.65,Fri,25.8
SHP02592,58.56,4.13,3,Clear,0.609,Express,2,0,6.77,Tue,20.56
SHP02593,53.71,2.87,3,Rain,0.91,Standard,2,9,2.68,Wed,21.85
SHP02594,46.54,3.81,5,Cloudy,0.565,Express,8,2,1.76,Fri,22.8
SHP02595,96.58,7.88,3,Cloudy,0.519,Standard,6,5,1.31,Wed,18.87
SHP02596,122.04,2.31,5,Clear,0.833,Express,1,6,9.23,Fri,30.67
SHP02597,192.03,17.09,2,Clear,0.584,Standard,2,1,3.33,Wed,18.26
SHP02598,147.57,5.63,2,Clear,0.901,Express,5,5,3.71,Tue,16.21
SHP02599,145.97,2.89,2,Clear,0.563,Express,5,4,0.5,Thu,16.8
SHP02600,231.06,2.85,5,Clear,0.806,Standard,1,5,1.39,Thu,26.13
SHP02601,44.67,1.64,5,Clear,0.379,Standard,6,0,3.13,Tue,24.57
SHP02602,27.86,3.26,2,Clear,0.601,Standard,2,9,0.59,Wed,13.23
SHP02603,152.45,0.73,5,Clear,0.573,Express,7,6,2.34,Sun,31.52
SHP02604,93.3,8.0,4,Clear,0.881,Standard,4,7,5.21,Fri,26.48
SHP02605,192.48,0.46,4,Cloudy,0.979,Standard,4,6,1.01,Mon,29.48
SHP02606,99.78,3.42,5,Clear,0.65,Express,3,8,1.21,Wed,19.9
SHP02607,63.4,1.49,5,Clear,0.886,Standard,1,0,4.46,Tue,26.54
SHP02608,153.94,2.03,1,Rain,0.805,Standard,4,9,1.4,Sat,22.57
SHP02609,108.9,2.22,1,Clear,0.979,Express,3,8,1.11,Thu,18.21
SHP02610,99.85,12.78,3,Rain,0.877,Standard,5,10,5.62,Thu,26.67
SHP02611,407.03,1.53,3,Clear,0.4,Express,3,10,2.11,Wed,29.6
SHP02612,219.84,6.3,3,Rain,0.814,Standard,2,2,1.0,Fri,26.58
SHP02613,167.12,7.48,2,Clear,0.698,Standard,2,1,4.65,Sun,27.25
SHP02614,111.3,0.65,4,Cloudy,0.361,Standard,5,5,0.85,Sun,15.49
SHP02615,104.65,2.16,2,Clear,0.513,Standard,1,10,2.23,Tue,15.99
SHP02616,81.5,9.39,5,Cloudy,0.949,Standard,6,4,2.57,Tue,26.68
SHP02617,119.32,1.32,1,Clear,0.952,Standard,8,3,1.32,Fri,16.34
SHP02618,70.16,7.68,5,Clear,0.869,Standard,8,3,3.57,Fri,28.04
SHP02619,36.73,3.28,5,Cloudy,0.988,Standard,2,7,1.08,Sun,17.41
SHP02620,98.96,3.18,1,Clear,0.874,Standard,8,9,3.74,Wed,16.77
SHP02621,126.12,3.49,5,Rain,0.357,Standard,2,2,1.91,Sun,23.25
SHP02622,192.77,4.22,3,Clear,0.537,Standard,3,0,0.94,Wed,20.63
SHP02623,53.97,1.7,1,Clear,0.37,Standard,3,4,2.28,Sat,13.32
SHP02624,105.24,2.77,5,Cloudy,0.411,Express,3,7,2.78,Thu,22.42
SHP02625,146.8,4.3,3,Clear,0.492,Standard,4,2,0.5,Thu,17.52
SHP02626,144.61,3.76,3,Clear,0.677,Standard,7,1,5.24,Fri,33.5
SHP02627,276.57,4.24,4,Cloudy,0.901,Express,5,0,2.04,Mon,30.76
SHP02628,82.7,2.01,3,Rain,0.91,Express,1,3,1.56,Mon,22.07
SHP02629,50.27,5.17,2,Rain,0.751,Standard,3,10,2.65,Mon,15.83
SHP02630,110.19,3.63,1,Clear,0.953,Express,1,1,2.21,Tue,12.13
SHP02631,85.94,1.1,1,Clear,0.675,Standard,7,7,1.47,Wed,20.06
SHP02632,75.03,2.29,1,Clear,0.928,Standard,3,10,2.7,Fri,18.2
SHP02633,67.5,1.77,5,Clear,0.645,Standard,2,9,3.74,Thu,20.06
SHP02634,126.47,1.76,5,Cloudy,0.53,Standard,7,8,1.64,Mon,22.8
SHP02635,60.34,2.38,2,Clear,0.946,Standard,1,9,0.5,Thu,17.28
SHP02636,167.03,5.1,3,Clear,0.602,Standard,4,0,3.4,Wed,25.77
SHP02637,161.89,2.14,5,Clear,0.677,Standard,3,1,2.02,Sat,27.23
SHP02638,134.33,3.89,3,Cloudy,0.564,Standard,6,5,0.95,Sat,22.45
SHP02639,44.6,3.47,3,Rain,0.781,Standard,5,9,2.85,Fri,20.46
SHP02640,122.58,1.92,5,Cloudy,0.997,Standard,2,6,0.95,Mon,25.24
SHP02641,201.08,2.61,5,Clear,0.367,Standard,7,1,3.33,Mon,27.04
SHP02642,174.93,6.08,2,Rain,0.935,Express,7,7,0.82,Sat,24.19
SHP02643,159.22,3.69,4,Cloudy,0.353,Standard,3,9,1.4,Fri,27.6
SHP02644,104.13,4.88,1,Clear,0.587,Standard,7,8,0.5,Thu,13.17
SHP02645,100.86,8.09,5,Clear,0.46,Standard,1,7,1.35,Wed,22.66
SHP02646,222.12,4.5,5,Clear,0.842,Standard,8,8,1.56,Sat,38.89
SHP02647,125.1,0.87,3,Clear,0.383,Standard,3,5,2.03,Sat,22.76
SHP02648,126.17,4.01,4,Rain,0.71,Standard,2,10,1.69,Wed,25.41
SHP02649,450.0,2.15,5,Clear,0.542,Standard,5,6,0.85,Wed,37.22
SHP02650,81.37,11.79,4,Clear,0.437,Standard,5,5,1.97,Sat,21.43
SHP02651,12.08,4.39,1,Rain,0.852,Standard,5,6,1.38,Thu,10.06
SHP02652,90.4,2.19,3,Rain,0.491,Standard,6,2,2.32,Thu,22.41
SHP02653,94.29,4.94,2,Cloudy,0.495,Express,8,3,1.07,Mon,17.91
SHP02654,123.83,3.54,1,Clear,0.529,Standard,2,8,1.31,Thu,13.89
SHP02655,143.71,1.0,4,Clear,0.731,Standard,6,2,2.7,Tue,25.99
SHP02656,14.81,6.07,4,Clear,0.779,Standard,6,1,1.75,Fri,21.06
SHP02657,145.67,2.5,1,Clear,0.361,Express,7,10,0.53,Thu,15.36
SHP02658,98.41,8.97,4,Clear,0.507,Standard,3,6,5.48,Wed,29.28
SHP02659,84.16,3.04,2,Cloudy,0.63,Standard,2,5,3.54,Thu,20.54
SHP02660,23.38,9.09,2,Clear,0.566,Standard,2,2,3.45,Mon,18.44
SHP02661,251.6,4.47,4,Clear,0.925,Standard,7,5,0.5,Sun,31.59
SHP02662,74.26,6.57,4,Clear,0.862,Express,3,6,0.5,Fri,20.72
SHP02663,160.62,2.35,2,Cloudy,0.757,Express,4,5,4.03,Fri,20.87
SHP02664,53.33,4.25,4,Cloudy,0.57,Standard,6,0,0.84,Wed,21.57
SHP02665,127.54,0.99,5,Cloudy,0.805,Standard,5,0,2.37,Fri,26.83
SHP02666,85.15,3.04,3,Clear,0.898,Standard,8,8,1.35,Tue,20.97
SHP02667,157.42,1.17,5,Clear,0.737,Standard,1,5,0.5,Fri,23.74
SHP02668,83.06,1.49,4,Clear,0.86,Express,8,1,1.16,Sat,22.21
SHP02669,51.33,1.78,4,Clear,0.837,Standard,6,10,2.68,Wed,29.99
SHP02670,101.61,5.27,3,Rain,0.722,Standard,1,0,1.82,Fri,21.9
SHP02671,98.03,2.99,4,Storm,0.553,Standard,3,10,6.19,Thu,34.2
SHP02672,121.88,3.39,3,Cloudy,0.835,Standard,8,1,3.26,Mon,30.54
SHP02673,188.87,2.94,2,Rain,0.484,Express,1,7,2.81,Sat,21.89
SHP02674,42.23,7.07,3,Cloudy,0.857,Standard,4,4,2.36,Sat,20.05
SHP02675,182.76,3.33,3,Clear,0.873,Standard,2,6,0.95,Thu,18.06
SHP02676,36.83,3.95,5,Storm,0.884,Standard,5,6,0.97,Sun,24.34
SHP02677,153.48,2.23,4,Clear,0.657,Standard,1,1,2.06,Sat,24.78
SHP02678,156.63,7.42,2,Cloudy,0.475,Express,1,3,1.17,Tue,15.24
SHP02679,71.33,7.82,1,Clear,0.415,Express,8,1,5.5,Tue,20.12
SHP02680,55.55,3.24,3,Clear,0.833,Express,3,6,3.22,Mon,13.14
SHP02681,53.21,2.21,1,Cloudy,0.926,Standard,3,4,4.36,Mon,20.27
SHP02682,108.46,1.07,4,Clear,0.773,Standard,7,0,0.5,Mon,26.79
SHP02683,163.28,1.81,3,Clear,0.444,Standard,2,1,2.77,Mon,16.63
SHP02684,92.39,0.73,1,Clear,0.958,Standard,5,5,0.52,Fri,19.2
SHP02685,10.56,1.76,5,Clear,0.993,Standard,7,3,4.89,Sat,31.2
SHP02686,67.8,4.26,1,Storm,0.632,Standard,7,6,3.07,Thu,27.85
SHP02687,65.97,3.21,5,Rain,0.737,Standard,1,1,3.38,Tue,21.7
SHP02688,143.06,16.88,2,Clear,0.855,Standard,2,1,3.49,Fri,25.87
SHP02689,147.96,2.56,4,Clear,0.829,Standard,8,5,1.29,Mon,32.25
SHP02690,114.27,2.42,1,Rain,0.979,Express,8,7,6.64,Wed,27.95
SHP02691,182.98,6.99,3,Clear,0.425,Express,8,0,3.2,Wed,28.39
SHP02692,191.74,0.86,4,Clear,0.727,Standard,5,4,2.4,Thu,27.32
SHP02693,70.9,1.18,1,Clear,0.8,Standard,2,0,1.41,Tue,14.55
SHP02694,52.26,5.28,3,Rain,0.929,Express,1,10,1.92,Sun,17.06
SHP02695,97.07,2.9,3,Clear,0.918,Standard,8,5,4.73,Tue,26.92
SHP02696,114.11,2.94,3,Clear,0.986,Standard,3,6,1.66,Thu,23.04
SHP02697,68.22,1.72,3,Clear,0.683,Standard,3,5,1.25,Sun,16.19
SHP02698,450.0,3.93,1,Clear,0.89,Standard,3,8,2.95,Mon,34.95
SHP02699,242.54,1.89,2,Cloudy,0.628,Standard,4,2,2.04,Mon,27.95
SHP02700,63.42,3.49,5,Clear,0.625,Express,2,7,1.28,Sat,25.17
SHP02701,43.75,1.48,5,Clear,0.515,Standard,8,2,4.13,Tue,19.41
SHP02702,59.5,2.92,5,Clear,0.882,Standard,1,10,0.88,Tue,26.1
SHP02703,193.92,13.7,2,Clear,0.991,Standard,2,6,1.7,Tue,23.6
SHP02704,196.91,2.47,3,Rain,0.517,Standard,3,4,1.01,Sun,27.31
SHP02705,244.38,3.03,3,Rain,0.386,Standard,6,0,6.55,Mon,36.79
SHP02706,51.01,2.88,4,Clear,0.88,Standard,6,10,3.15,Wed,28.67
SHP02707,142.69,3.75,5,Clear,0.753,Standard,8,3,2.64,Thu,27.69
SHP02708,54.91,4.61,5,Clear,0.974,Standard,2,10,1.06,Thu,21.32
SHP02709,277.32,3.98,3,Cloudy,0.514,Standard,8,8,6.55,Fri,37.12
SHP02710,52.45,4.04,5,Cloudy,0.396,Standard,5,7,0.56,Fri,20.59
SHP02711,35.6,2.93,3,Clear,0.67,Standard,6,2,1.68,Wed,21.87
SHP02712,41.66,3.56,3,Cloudy,0.406,Standard,6,1,1.88,Tue,17.74
SHP02713,101.93,2.86,3,Cloudy,0.52,Standard,2,10,0.57,Wed,13.47
SHP02714,161.78,0.93,1,Rain,0.432,Standard,7,8,2.22,Sun,22.05
SHP02715,155.05,20.94,1,Clear,0.496,Express,4,0,1.2,Sun,13.55
SHP02716,43.2,5.53,1,Clear,0.419,Express,4,8,5.24,Fri,15.6
SHP02717,77.09,1.67,1,Clear,0.97,Standard,3,6,0.7,Sat,18.65
SHP02718,69.69,3.9,2,Rain,0.531,Express,8,1,3.37,Fri,19.55
SHP02719,38.09,1.29,4,Rain,0.639,Standard,1,10,2.25,Thu,18.53
SHP02720,68.44,2.35,4,Cloudy,0.934,Standard,7,4,3.97,Sun,26.48
SHP02721,237.92,1.18,3,Clear,0.79,Standard,8,1,1.82,Wed,29.56
SHP02722,33.68,3.2,5,Clear,0.752,Standard,5,4,0.97,Mon,23.23
SHP02723,119.39,1.1,1,Clear,0.809,Standard,8,6,5.78,Fri,28.59
SHP02724,241.34,4.36,4,Cloudy,0.889,Standard,7,4,5.72,Thu,42.51
SHP02725,233.67,5.35,4,Clear,0.92,Standard,8,1,3.43,Tue,33.99
SHP02726,285.3,1.86,1,Clear,0.768,Standard,1,10,3.01,Wed,27.22
SHP02727,127.35,3.72,2,Cloudy,0.929,Standard,1,4,2.58,Fri,16.61
SHP02728,140.09,1.79,2,Clear,0.698,Standard,5,9,3.13,Mon,22.88
SHP02729,69.42,4.75,4,Clear,0.53,Standard,4,5,8.34,Fri,26.87
SHP02730,33.02,2.05,2,Clear,0.922,Express,7,4,0.68,Mon,13.73
SHP02731,92.27,5.77,1,Rain,0.702,Standard,8,1,2.08,Wed,19.88
SHP02732,209.08,0.93,4,Cloudy,0.939,Express,6,5,1.38,Sat,28.54
SHP02733,10.35,1.64,1,Rain,0.376,Standard,3,5,2.22,Mon,12.15
SHP02734,71.85,1.53,2,Clear,0.608,Standard,2,1,0.64,Mon,21.73
SHP02735,149.15,3.83,1,Rain,0.966,Standard,4,3,0.91,Thu,22.8
SHP02736,102.9,4.9,2,Rain,0.512,Standard,3,6,0.84,Sat,25.28
SHP02737,225.6,4.04,2,Cloudy,0.962,Standard,6,0,3.1,Wed,32.42
SHP02738,195.63,2.32,1,Rain,0.97,Express,4,0,2.03,Fri,21.07
SHP02739,29.3,0.47,2,Clear,0.923,Standard,7,10,0.5,Sat,19.45
SHP02740,109.02,3.41,3,Clear,0.716,Standard,5,10,0.5,Tue,20.03
SHP02741,57.09,5.76,1,Clear,0.771,Standard,1,5,0.5,Wed,11.66
SHP02742,56.51,21.68,3,Cloudy,0.915,Express,5,6,1.75,Sat,19.69
SHP02743,31.49,2.47,1,Cloudy,0.854,Standard,6,4,1.87,Wed,15.21
SHP02744,121.8,2.08,2,Rain,0.76,Standard,2,9,1.95,Tue,22.04
SHP02745,228.56,4.15,2,Clear,0.988,Standard,8,7,1.13,Fri,30.64
SHP02746,129.24,2.78,4,Clear,0.796,Standard,5,10,1.55,Sun,26.54
SHP02747,29.66,8.11,4,Clear,0.984,Standard,6,3,1.79,Thu,22.1
SHP02748,98.84,1.89,3,Cloudy,0.387,Standard,1,2,2.04,Sat,20.41
SHP02749,145.3,2.79,2,Clear,0.44,Standard,4,6,2.58,Fri,20.63
SHP02750,93.67,6.13,4,Rain,0.643,Standard,3,3,4.2,Tue,29.06
SHP02751,127.68,4.12,2,Clear,0.6,Standard,6,0,1.03,Fri,15.4
SHP02752,60.86,7.48,1,Clear,0.859,Express,6,10,3.5,Wed,20.27
SHP02753,85.95,2.45,4,Rain,0.454,Standard,7,7,1.22,Thu,25.42
SHP02754,82.09,8.04,3,Clear,0.984,Standard,2,4,3.08,Mon,20.27
SHP02755,255.1,1.04,4,Clear,0.555,Standard,4,7,2.12,Sat,29.06
SHP02756,44.0,1.07,2,Clear,0.629,Standard,6,7,8.28,Fri,26.18
SHP02757,12.16,8.13,5,Clear,0.529,Standard,6,4,2.53,Mon,25.16
SHP02758,244.99,3.34,5,Storm,0.727,Standard,3,7,3.69,Thu,31.15
SHP02759,111.62,6.33,2,Cloudy,0.388,Standard,8,6,0.5,Sun,22.88
SHP02760,36.39,3.56,1,Clear,0.447,Express,1,2,3.9,Mon,9.97
SHP02761,184.79,3.3,4,Cloudy,0.835,Standard,5,3,1.08,Fri,31.02
SHP02762,151.23,1.31,5,Clear,0.471,Express,7,10,1.9,Tue,20.82
SHP02763,281.17,3.26,1,Rain,0.503,Standard,4,6,1.52,Sat,34.02
SHP02764,117.83,8.61,2,Rain,0.865,Standard,3,3,0.76,Wed,18.15
SHP02765,407.74,3.45,1,Rain,0.411,Standard,3,5,6.01,Sun,39.43
SHP02766,94.28,5.35,2,Clear,0.634,Standard,5,1,4.44,Wed,20.9
SHP02767,151.42,5.25,4,Clear,0.365,Standard,4,1,0.91,Sat,20.54
SHP02768,165.94,1.63,1,Clear,0.575,Standard,4,2,0.85,Mon,19.43
SHP02769,450.0,6.05,4,Cloudy,0.804,Standard,7,9,3.01,Wed,46.09
SHP02770,74.0,2.67,1,Clear,0.409,Standard,1,6,3.84,Sat,11.23
SHP02771,72.23,2.77,2,Clear,0.927,Standard,4,2,2.05,Sat,21.63
SHP02772,168.17,14.42,2,Rain,0.941,Standard,7,2,1.14,Wed,27.16
SHP02773,33.6,5.04,1,Clear,0.418,Standard,6,3,1.77,Tue,15.74
SHP02774,56.79,2.12,2,Clear,0.994,Express,5,9,0.5,Mon,17.11
SHP02775,92.39,3.47,3,Clear,0.543,Express,4,5,0.53,Tue,14.57
SHP02776,275.69,3.41,3,Clear,0.405,Standard,8,0,4.07,Tue,28.39
SHP02777,168.24,10.81,4,Clear,0.353,Standard,8,5,1.31,Thu,28.88
SHP02778,108.53,3.41,3,Clear,0.616,Standard,1,7,1.91,Mon,21.35
SHP02779,68.81,15.57,3,Clear,0.759,Express,3,7,2.53,Sun,21.64
SHP02780,345.28,1.34,5,Clear,0.566,Standard,6,5,1.9,Tue,36.87
SHP02781,98.38,3.25,5,Cloudy,0.894,Standard,4,5,2.6,Fri,29.68
SHP02782,56.74,1.95,5,Clear,0.816,Standard,5,2,3.97,Wed,28.63
SHP02783,386.44,2.35,5,Cloudy,0.578,Standard,4,1,1.09,Mon,30.85
SHP02784,35.04,2.38,2,Clear,0.827,Standard,7,6,4.13,Thu,14.62
SHP02785,233.06,2.02,4,Clear,0.961,Express,2,7,2.52,Tue,31.72
SHP02786,103.76,11.15,4,Rain,0.411,Standard,8,9,3.12,Fri,25.77
SHP02787,167.98,8.99,3,Clear,0.549,Express,1,5,3.94,Wed,18.18
SHP02788,148.67,4.4,4,Clear,0.651,Standard,3,4,2.26,Wed,22.88
SHP02789,166.39,2.38,3,Rain,0.674,Express,2,3,9.61,Sun,25.07
SHP02790,408.16,2.06,4,Cloudy,0.702,Express,5,0,0.73,Fri,33.24
SHP02791,369.95,5.58,1,Clear,0.545,Standard,4,8,4.0,Mon,29.59
SHP02792,59.23,4.1,1,Clear,0.784,Standard,1,10,1.27,Wed,12.94
SHP02793,144.92,3.0,4,Cloudy,0.769,Standard,6,9,2.64,Wed,28.61
SHP02794,20.78,4.85,2,Rain,0.726,Standard,7,3,1.88,Wed,18.26
SHP02795,178.31,6.2,3,Clear,0.424,Standard,7,1,1.79,Sat,24.77
SHP02796,206.02,2.98,4,Clear,0.66,Standard,4,3,1.67,Tue,27.07
SHP02797,12.37,1.91,3,Clear,0.582,Standard,8,10,3.1,Tue,23.82
SHP02798,101.02,1.32,5,Clear,0.669,Standard,4,4,0.91,Wed,26.85
SHP02799,167.77,3.96,4,Clear,0.949,Express,4,1,1.21,Thu,22.81
SHP02800,131.38,15.14,2,Clear,0.662,Standard,6,6,0.84,Sat,28.49
SHP02801,35.7,1.53,5,Clear,0.359,Standard,4,2,5.72,Wed,24.86
SHP02802,39.35,7.17,4,Clear,0.635,Standard,1,7,3.66,Mon,16.92
SHP02803,92.61,2.07,1,Rain,0.883,Standard,6,3,1.26,Sun,17.11
SHP02804,73.99,2.38,4,Clear,0.857,Standard,6,10,2.96,Sun,24.15
SHP02805,79.48,6.3,1,Clear,0.684,Standard,8,4,0.86,Sat,23.66
SHP02806,31.27,2.78,1,Clear,0.512,Express,2,2,2.15,Thu,8.05
SHP02807,105.04,3.95,4,Rain,0.652,Standard,5,10,1.69,Mon,21.0
SHP02808,277.04,3.9,4,Cloudy,0.716,Standard,6,4,1.66,Fri,32.34
SHP02809,37.12,2.07,1,Rain,1.0,Express,2,8,1.46,Fri,9.43
SHP02810,87.03,6.21,3,Clear,0.769,Standard,1,10,9.38,Tue,23.78
SHP02811,155.62,3.18,5,Rain,0.801,Standard,5,1,3.39,Sat,30.04
SHP02812,24.53,1.26,2,Clear,0.669,Standard,6,6,7.59,Tue,22.91
SHP02813,105.8,1.78,4,Clear,0.58,Standard,3,9,1.4,Tue,24.04
SHP02814,201.99,0.37,5,Cloudy,0.878,Express,2,7,0.88,Sat,28.6
SHP02815,44.64,3.44,5,Rain,0.672,Standard,1,2,2.52,Sun,18.45
SHP02816,113.22,8.27,3,Rain,0.997,Standard,1,10,2.15,Fri,23.73
SHP02817,192.6,1.6,5,Rain,0.647,Standard,1,3,3.38,Sat,29.89
SHP02818,395.16,5.0,4,Rain,0.394,Express,7,10,4.11,Mon,39.38
SHP02819,109.15,4.49,5,Clear,0.794,Standard,5,9,0.5,Thu,24.26
SHP02820,57.84,1.96,4,Clear,0.38,Standard,8,1,7.88,Tue,22.25
SHP02821,17.63,9.73,4,Clear,0.513,Standard,4,9,2.61,Sun,17.15
SHP02822,58.24,2.74,1,Rain,0.58,Standard,3,8,3.23,Fri,17.3
SHP02823,29.57,13.56,3,Clear,0.831,Standard,5,2,5.79,Tue,14.89
SHP02824,291.34,1.06,2,Rain,0.671,Express,5,8,1.07,Sun,29.71
SHP02825,185.02,2.75,1,Clear,0.369,Standard,8,6,1.94,Wed,18.5
SHP02826,39.34,2.99,2,Clear,0.751,Standard,8,5,0.8,Thu,20.26
SHP02827,55.15,3.23,4,Clear,0.617,Standard,6,10,0.93,Mon,23.66
SHP02828,107.87,5.48,1,Clear,0.949,Express,7,10,4.13,Tue,20.81
SHP02829,201.0,35.0,5,Rain,0.675,Standard,2,2,5.37,Wed,38.19
SHP02830,145.17,4.57,5,Clear,0.811,Standard,3,10,0.51,Wed,27.27
SHP02831,135.77,3.38,2,Clear,0.492,Standard,1,6,2.73,Sun,18.0
SHP02832,118.58,1.54,4,Clear,0.845,Standard,5,10,4.6,Thu,26.71
SHP02833,41.27,0.88,2,Clear,0.819,Standard,3,2,3.97,Fri,21.45
SHP02834,108.88,7.53,3,Clear,0.938,Standard,2,10,2.33,Fri,23.97
SHP02835,99.7,2.26,5,Clear,0.372,Standard,4,5,2.72,Tue,26.01
SHP02836,29.17,20.55,1,Rain,0.641,Express,3,7,2.77,Tue,9.37
SHP02837,286.73,6.1,1,Clear,0.791,Standard,7,4,2.61,Fri,30.43
SHP02838,64.44,4.22,1,Clear,0.412,Express,7,10,3.03,Mon,12.83
SHP02839,29.94,4.37,5,Cloudy,0.617,Standard,1,10,1.8,Mon,20.23
SHP02840,73.26,4.41,4,Clear,0.962,Standard,7,2,7.43,Wed,31.72
SHP02841,84.5,2.04,5,Clear,0.633,Standard,5,5,1.06,Thu,27.65
SHP02842,97.52,0.97,5,Clear,0.991,Standard,4,7,4.79,Mon,26.48
SHP02843,83.44,2.26,1,Clear,0.387,Express,8,9,1.21,Tue,14.25
SHP02844,101.6,3.28,5,Cloudy,0.817,Standard,2,2,3.15,Sun,24.83
SHP02845,114.32,2.11,1,Clear,0.728,Standard,1,10,1.24,Mon,13.8
SHP02846,110.19,1.35,4,Rain,0.675,Standard,8,10,3.02,Thu,31.86
SHP02847,135.09,1.97,3,Rain,0.981,Standard,4,4,2.05,Tue,25.08
SHP02848,140.66,6.86,1,Clear,0.434,Express,6,8,3.49,Thu,20.06
SHP02849,143.08,5.61,2,Clear,0.932,Standard,6,9,1.13,Fri,26.29
SHP02850,167.76,3.74,3,Clear,0.799,Express,2,9,1.11,Thu,20.36
SHP02851,58.93,5.01,4,Clear,0.518,Standard,1,2,6.4,Thu,19.31
SHP02852,60.68,1.5,3,Rain,0.936,Standard,7,10,1.87,Thu,24.44
SHP02853,201.6,1.9,1,Cloudy,0.629,Express,5,1,2.85,Tue,18.49
SHP02854,74.99,4.13,4,Clear,0.879,Standard,2,10,0.5,Thu,20.37
SHP02855,93.61,1.64,2,Clear,0.603,Standard,7,7,2.25,Thu,23.66
SHP02856,87.59,3.58,1,Clear,0.903,Express,4,6,1.53,Sun,12.83
SHP02857,386.21,1.37,1,Cloudy,0.764,Standard,1,8,7.14,Sun,30.47
SHP02858,51.02,1.05,4,Rain,0.442,Standard,6,3,1.46,Sat,22.48
SHP02859,50.22,5.56,4,Cloudy,0.772,Standard,6,2,7.22,Sat,26.66
SHP02860,101.85,6.81,3,Clear,0.474,Standard,3,9,1.42,Sun,20.08
SHP02861,89.44,2.13,2,Cloudy,0.618,Express,1,4,3.29,Wed,16.1
SHP02862,39.01,1.15,3,Clear,0.461,Express,4,10,6.43,Tue,13.72
SHP02863,95.91,0.71,3,Clear,0.364,Standard,4,0,1.93,Sat,20.89
SHP02864,103.88,12.05,1,Clear,0.488,Express,3,4,6.18,Thu,15.52
SHP02865,69.28,3.59,4,Clear,0.699,Express,7,2,3.94,Mon,23.57
SHP02866,91.76,2.17,1,Cloudy,0.663,Standard,4,0,2.23,Thu,14.79
SHP02867,55.19,2.57,2,Rain,0.676,Standard,7,2,2.96,Mon,20.64
SHP02868,39.09,0.87,3,Clear,0.511,Standard,7,4,5.37,Sun,27.58
SHP02869,74.56,5.12,2,Rain,0.795,Express,1,4,2.84,Sun,18.33
SHP02870,44.57,13.46,4,Clear,0.808,Express,7,9,0.66,Fri,24.65
SHP02871,32.63,1.92,4,Cloudy,0.583,Standard,6,7,3.95,Fri,24.24
SHP02872,16.89,17.61,5,Rain,0.923,Express,2,10,4.06,Sun,26.68
SHP02873,119.99,3.06,2,Clear,0.769,Standard,6,0,2.77,Sun,23.55
SHP02874,72.65,10.66,1,Rain,0.813,Standard,7,6,1.44,Tue,21.92
SHP02875,202.37,4.12,2,Clear,0.53,Express,8,4,3.79,Tue,28.64
SHP02876,77.36,4.11,3,Clear,0.35,Standard,6,2,0.79,Sun,18.96
SHP02877,119.59,12.07,4,Cloudy,0.912,Standard,1,3,2.93,Fri,31.62
SHP02878,61.94,5.74,4,Rain,0.885,Standard,7,2,2.83,Tue,29.07
SHP02879,99.59,4.32,2,Rain,0.43,Standard,8,7,2.3,Sun,20.61
SHP02880,17.03,0.85,2,Cloudy,0.593,Standard,4,3,4.71,Mon,17.7
SHP02881,73.71,1.16,2,Clear,0.78,Standard,3,2,1.64,Mon,18.35
SHP02882,51.29,4.58,3,Clear,0.774,Express,3,1,1.02,Wed,14.67
SHP02883,189.12,9.28,3,Storm,0.909,Express,5,2,1.17,Tue,29.91
SHP02884,114.31,3.63,1,Clear,0.441,Standard,3,6,4.82,Tue,21.19
SHP02885,172.16,2.19,2,Cloudy,0.629,Standard,3,5,3.35,Wed,18.91
SHP02886,216.81,0.92,1,Clear,0.413,Standard,4,9,3.17,Thu,26.24
SHP02887,69.15,1.92,5,Cloudy,0.603,Standard,2,4,2.96,Mon,21.32
SHP02888,110.93,3.64,3,Clear,0.36,Standard,2,7,1.94,Thu,16.65
SHP02889,41.08,1.82,4,Storm,0.934,Standard,4,10,0.94,Sat,24.0
SHP02890,132.2,1.69,5,Cloudy,0.693,Standard,3,0,1.0,Wed,25.43
SHP02891,145.41,3.2,4,Rain,0.902,Standard,1,2,3.03,Sat,26.07
SHP02892,126.12,9.15,5,Clear,0.389,Standard,6,1,1.6,Sun,23.71
SHP02893,69.09,5.36,1,Cloudy,0.498,Standard,7,1,1.23,Sat,16.59
SHP02894,303.66,4.06,1,Cloudy,0.519,Standard,6,10,1.98,Tue,23.4
SHP02895,103.68,3.79,3,Cloudy,0.601,Standard,8,0,5.02,Thu,23.89
SHP02896,41.29,4.88,4,Rain,0.872,Standard,2,4,2.43,Tue,17.96
SHP02897,154.7,3.07,5,Clear,0.601,Standard,8,4,7.01,Sun,33.8
SHP02898,192.78,2.49,2,Clear,0.483,Standard,4,2,3.19,Wed,24.43
SHP02899,42.0,5.57,2,Clear,0.392,Standard,8,8,10.0,Fri,29.07
SHP02900,84.54,2.84,3,Clear,0.402,Express,1,5,2.77,Tue,18.55
SHP02901,29.38,1.44,4,Storm,0.844,Standard,3,9,2.59,Sat,28.3
SHP02902,222.14,9.12,2,Clear,0.639,Standard,4,5,2.46,Sun,24.52
SHP02903,95.19,0.9,3,Clear,0.822,Standard,8,9,1.55,Sat,25.26
SHP02904,51.48,9.61,3,Clear,0.793,Express,2,5,1.88,Thu,16.07
SHP02905,194.4,4.73,4,Clear,0.438,Standard,7,1,7.91,Thu,27.09
SHP02906,101.67,1.68,2,Clear,0.443,Express,1,10,1.6,Wed,10.14
SHP02907,177.37,3.38,2,Clear,0.841,Express,1,9,2.46,Thu,19.59
SHP02908,137.93,2.46,2,Clear,0.819,Standard,2,9,2.48,Mon,21.14
SHP02909,45.85,5.84,1,Clear,0.596,Standard,1,7,1.73,Tue,13.91
SHP02910,67.28,5.76,2,Storm,0.4,Standard,6,5,1.69,Sun,23.46
SHP02911,52.67,4.59,5,Clear,0.358,Standard,7,2,2.07,Sun,17.97
SHP02912,38.86,5.6,1,Clear,0.537,Standard,2,9,3.95,Sat,17.76
SHP02913,22.52,3.06,1,Storm,0.356,Express,6,8,5.56,Mon,20.92
SHP02914,341.99,11.39,1,Rain,0.5,Standard,4,1,0.76,Wed,29.71
SHP02915,124.53,7.82,1,Storm,0.623,Express,5,6,6.97,Sat,30.66
SHP02916,137.34,2.38,3,Storm,0.429,Standard,7,2,3.58,Mon,28.74
SHP02917,208.54,5.86,5,Clear,0.418,Standard,3,5,3.7,Sun,32.96
SHP02918,66.75,5.51,4,Cloudy,0.933,Standard,4,4,1.3,Mon,20.34
SHP02919,31.45,2.77,2,Clear,0.731,Standard,6,5,9.81,Sun,23.31
SHP02920,167.26,2.62,1,Clear,0.957,Express,3,7,1.18,Sat,20.7
SHP02921,36.33,7.77,4,Rain,0.575,Standard,3,2,2.6,Tue,19.66
SHP02922,164.65,3.29,3,Clear,0.79,Standard,6,1,2.87,Tue,26.61
SHP02923,27.07,3.98,4,Cloudy,0.483,Standard,6,7,6.68,Fri,31.62
SHP02924,34.01,8.85,1,Cloudy,0.752,Standard,7,0,1.25,Mon,18.46
SHP02925,61.63,19.56,5,Clear,0.434,Express,2,1,2.7,Tue,20.24
SHP02926,160.58,2.3,4,Rain,0.351,Express,5,9,0.52,Sun,21.15
SHP02927,278.68,2.84,1,Clear,0.955,Standard,7,0,2.33,Mon,24.48
SHP02928,137.19,3.5,1,Clear,0.711,Standard,6,4,3.05,Mon,22.1
SHP02929,63.58,3.55,2,Rain,0.953,Standard,3,7,1.5,Wed,22.33
SHP02930,187.4,4.32,2,Clear,0.567,Express,3,1,0.64,Wed,16.62
SHP02931,26.28,2.36,5,Cloudy,0.563,Express,4,3,7.09,Sat,25.65
SHP02932,47.97,1.37,2,Clear,0.61,Standard,5,3,0.92,Mon,20.19
SHP02933,108.76,11.33,5,Clear,0.809,Standard,5,10,1.02,Wed,30.3
SHP02934,170.9,5.1,3,Rain,0.718,Standard,8,10,1.3,Sun,30.89
SHP02935,87.77,2.48,3,Cloudy,0.951,Standard,8,6,5.21,Sat,29.89
SHP02936,80.92,4.51,2,Clear,0.367,Standard,3,0,2.12,Tue,11.03
SHP02937,84.52,11.98,3,Clear,0.81,Standard,5,8,0.53,Mon,20.41
SHP02938,207.34,1.91,4,Rain,0.565,Standard,4,2,1.32,Wed,26.12
SHP02939,55.54,3.85,4,Clear,0.467,Standard,2,5,5.19,Tue,18.65
SHP02940,45.28,1.25,4,Rain,0.682,Standard,3,9,0.69,Mon,21.48
SHP02941,83.53,3.06,3,Clear,0.678,Standard,1,4,0.92,Sat,22.94
SHP02942,226.08,5.11,4,Cloudy,0.439,Standard,3,3,0.97,Mon,30.51
SHP02943,60.8,1.52,5,Rain,0.481,Standard,3,8,2.18,Wed,23.24
SHP02944,84.32,2.91,1,Clear,0.615,Standard,2,10,2.5,Tue,18.11
SHP02945,25.87,5.81,2,Cloudy,0.616,Express,6,8,1.93,Mon,14.73
SHP02946,86.97,5.02,5,Cloudy,0.556,Standard,8,0,2.1,Mon,30.8
SHP02947,120.38,1.48,4,Cloudy,0.447,Express,6,6,0.84,Sun,17.09
SHP02948,36.38,4.31,1,Clear,0.353,Standard,1,9,1.9,Sat,14.88
SHP02949,207.59,4.91,2,Cloudy,0.981,Standard,8,8,1.87,Fri,31.6
SHP02950,119.29,3.58,5,Cloudy,0.963,Express,1,4,0.99,Mon,20.13
SHP02951,68.47,7.12,2,Rain,0.664,Standard,1,0,5.63,Fri,20.65
SHP02952,119.92,2.2,3,Cloudy,0.997,Standard,8,7,4.91,Fri,27.43
SHP02953,142.71,4.43,4,Clear,0.788,Standard,6,4,0.73,Tue,21.96
SHP02954,19.4,1.47,5,Storm,0.395,Express,7,5,3.17,Thu,19.73
SHP02955,123.14,1.08,5,Clear,0.427,Standard,2,6,2.97,Sat,26.53
SHP02956,220.98,5.74,1,Clear,0.945,Standard,5,9,2.68,Fri,30.61
SHP02957,54.91,3.37,1,Clear,0.76,Standard,1,6,1.88,Tue,7.35
SHP02958,69.61,2.4,1,Clear,0.898,Standard,8,6,2.65,Sat,27.01
SHP02959,78.73,1.58,2,Clear,0.934,Standard,5,0,1.95,Sun,19.57
SHP02960,172.16,5.92,4,Clear,0.641,Standard,4,6,1.29,Wed,25.77
SHP02961,42.09,1.16,2,Clear,0.382,Standard,8,10,3.12,Fri,16.24
SHP02962,138.29,6.65,4,Cloudy,0.472,Standard,2,2,0.5,Thu,24.18
SHP02963,79.84,4.55,5,Clear,0.393,Express,5,4,3.78,Wed,22.6
SHP02964,286.96,1.2,2,Clear,0.473,Express,6,9,2.26,Sat,30.82
SHP02965,83.37,3.63,2,Clear,0.617,Express,7,4,1.61,Fri,21.94
SHP02966,10.19,21.28,2,Clear,0.427,Standard,6,7,3.7,Sun,23.63
SHP02967,156.04,7.63,3,Clear,0.458,Standard,1,6,2.68,Fri,20.25
SHP02968,133.54,1.86,4,Cloudy,0.64,Express,7,6,5.65,Thu,27.45
SHP02969,115.78,5.48,4,Storm,0.571,Standard,1,5,4.55,Mon,26.16
SHP02970,217.11,1.23,2,Rain,0.654,Standard,7,6,1.0,Thu,29.55
SHP02971,22.38,1.27,3,Rain,0.629,Express,5,6,1.51,Sun,18.39
SHP02972,48.57,3.17,2,Clear,0.769,Standard,6,4,1.32,Tue,20.73
SHP02973,99.23,4.88,4,Clear,0.959,Standard,5,4,1.34,Tue,26.95
SHP02974,111.48,5.86,5,Clear,0.42,Standard,4,3,6.36,Sun,23.39
SHP02975,89.02,5.92,3,Rain,0.415,Express,8,3,0.71,Sun,24.73
SHP02976,26.25,4.69,3,Clear,0.904,Standard,2,4,4.69,Sun,22.92
SHP02977,70.14,1.07,2,Cloudy,0.679,Express,6,9,6.48,Thu,21.37
SHP02978,274.33,3.18,5,Clear,0.848,Standard,3,8,4.11,Thu,35.51
SHP02979,40.36,6.54,4,Clear,0.49,Standard,6,10,3.34,Thu,22.34
SHP02980,97.65,4.53,1,Storm,0.889,Standard,4,5,0.69,Thu,22.74
SHP02981,138.64,3.77,4,Cloudy,0.951,Standard,6,7,0.57,Sun,25.93
SHP02982,168.88,4.18,4,Rain,0.763,Standard,4,8,2.93,Thu,30.49
SHP02983,155.54,4.13,5,Cloudy,0.419,Standard,6,3,1.83,Fri,27.96
SHP02984,66.23,0.84,3,Rain,0.932,Express,4,6,0.76,Sat,18.79
SHP02985,48.4,7.45,4,Cloudy,0.865,Standard,7,4,3.79,Sat,27.57
SHP02986,288.4,3.07,3,Rain,0.838,Standard,1,3,3.22,Wed,37.73
SHP02987,179.86,5.45,5,Clear,0.374,Standard,5,6,3.79,Tue,27.14
SHP02988,104.42,0.66,5,Cloudy,0.869,Express,8,2,3.84,Tue,27.06
SHP02989,241.33,10.62,2,Cloudy,0.44,Standard,6,0,4.78,Sat,28.34
SHP02990,31.62,1.48,1,Clear,0.495,Standard,2,6,1.62,Sun,10.31
SHP02991,10.57,19.67,5,Rain,0.725,Express,1,8,0.84,Sun,21.94
SHP02992,110.59,14.64,5,Storm,0.522,Standard,4,1,6.16,Sat,35.85
SHP02993,114.3,1.31,3,Clear,0.78,Standard,2,6,0.57,Wed,18.55
SHP02994,28.95,5.88,5,Clear,0.745,Standard,1,9,0.64,Thu,21.35
SHP02995,175.62,1.63,4,Clear,0.42,Standard,8,1,1.33,Sat,29.4
SHP02996,16.01,2.12,2,Rain,0.776,Standard,3,2,5.62,Sun,19.87
SHP02997,127.9,2.16,2,Cloudy,0.951,Standard,6,9,1.47,Sat,20.39
SHP02998,148.28,4.54,4,Clear,0.455,Express,6,9,0.65,Wed,24.41
SHP02999,109.67,4.17,5,Clear,0.738,Standard,4,2,1.02,Thu,23.92
SHP03000,25.23,1.43,1,Clear,0.572,Standard,1,3,0.99,Tue,9.62
